Name,Year,Rating
(500) Days of Summer,2009,5
¡Three Amigos!,1986,3
10 Cloverfield Lane,2016,4
10 Things I Hate About You,1999,4.5
12 Angry Men,1957,4.5
12 Years a Slave,2013,NULL
127 Hours,2010,4
12th Fail,2023,NULL
13 Assassins,2010,4
13 Going on 30,2004,NULL
17 Again,2009,3
1917,2019,4.5
2 Fast 2 Furious,2003,2
2 Guns,2013,3
2001: A Space Odyssey,1968,3.5
21,2008,3
21 Bridges,2019,2.5
21 Jump Street,2012,3.5
22 Jump Street,2014,3.5
28 Days Later,2002,3.5
3 Idiots,2009,4
300,2006,3.5
"4 Months, 3 Weeks and 2 Days",2007,NULL
42,2013,3.5
50 First Dates,2004,3.5
50/50,2011,4.5
8 Mile,2002,3.5
8½,1963,NULL
A Beautiful Day in the Neighborhood,2019,3.5
A Beautiful Mind,2001,4.5
A Brighter Summer Day,1991,NULL
A Bug's Life,1998,3.5
A Christmas Carol,2009,3
A Clockwork Orange,1971,4.5
A Few Good Men,1992,4
A Haunting in Venice,2023,2.5
A Knight's Tale,2001,3.5
A Man Called Otto,2022,4
A Man Escaped,1956,NULL
A Matter of Life and Death,1946,NULL
A Minecraft Movie,2025,2.5
A Nightmare on Elm Street,1984,3.5
A Perfect Murder,1998,3
A Quiet Place,2018,4
A Quiet Place Part II,2020,3.5
A Real Pain,2024,4
A Separation,2011,NULL
A Silent Voice: The Movie,2016,NULL
A Simple Favor,2018,3.5
A Simple Plan,1998,4
A Special Day,1977,NULL
A Star Is Born,2018,3.5
A Woman Under the Influence,1974,NULL
Abigail,2024,2.5
About Time,2013,4
Ace in the Hole,1951,NULL
Addams Family Values,1993,4
Aftersun,2022,4.5
Air,2023,4
Airplane!,1980,3.5
Akira,1988,NULL
Aladdin,1992,4
Aladdin,2019,3
"Alexander and the Terrible, Horrible, No Good, Very Bad Day",2014,3
Alice in Wonderland,1951,3
Alice in Wonderland,2010,3
Alien,1979,4.5
Alien: Covenant,2017,3
Alien: Romulus,2024,4
Aliens,1986,4.5
Alita: Battle Angel,2019,3
All About Eve,1950,NULL
All About Lily Chou-Chou,2001,NULL
All of Us Strangers,2023,4
All Quiet on the Western Front,2022,NULL
All That Jazz,1979,NULL
All the President's Men,1976,4
Allegiant,2016,2
Almost Famous,2000,3.5
Alvin and the Chipmunks,2007,2.5
Alvin and the Chipmunks: Chipwrecked,2011,1
Alvin and the Chipmunks: The Road Chip,2015,1.5
Alvin and the Chipmunks: The Squeakquel,2009,2
Amadeus,1984,4.5
Amélie,2001,4
American Beauty,1999,4
American Fiction,2023,3.5
American Gangster,2007,4
American History X,1998,4.5
American Hustle,2013,3
American Psycho,2000,3.5
An Autumn Afternoon,1962,NULL
An Elephant Sitting Still,2018,NULL
Anastasia,1997,3
Anatomy of a Fall,2023,4
Anatomy of a Murder,1959,3.5
Anchorman: The Legend of Ron Burgundy,2004,3.5
Andrei Rublev,1966,NULL
Annie,1982,2.5
Annihilation,2018,4
Anora,2024,4
Another Round,2020,4
Ant-Man,2015,3.5
Ant-Man and the Wasp,2018,2.5
Ant-Man and the Wasp: Quantumania,2023,2
Anyone But You,2023,3.5
Aparajito,1956,NULL
Apocalypse Now,1979,4.5
Apocalypto,2006,4.5
Apollo 13,1995,3.5
Apur Sansar,1959,NULL
Aquaman,2018,2.5
Argo,2012,3.5
Army of Shadows,1969,NULL
Arrival,2016,5
As Good as It Gets,1997,3.5
Asteroid City,2023,NULL
Atlantis: The Lost Empire,2001,3.5
Atonement,2007,3.5
Autumn Sonata,1978,NULL
Avatar,2009,4
Avatar: The Way of Water,2022,4
Avengers: Age of Ultron,2015,3
Avengers: Endgame,2019,4.5
Avengers: Infinity War,2018,5
Azur & Asmar: The Princes' Quest,2006,NULL
Baby Driver,2017,4.5
Babylon,2022,NULL
Back to the Future,1985,5
Back to the Future Part II,1989,3.5
Back to the Future Part III,1990,3
Bad Boys,1995,3
Bad Boys II,2003,3
Bad Times at the El Royale,2018,3.5
Ballerina,2025,4
Bambi,1942,3
Bao,2018,3.5
Barbarian,2022,3.5
Barbie,2023,4
Barry Lyndon,1975,NULL
Batman Begins,2005,4
Batman v Superman: Dawn of Justice,2016,3
Beautiful Boy,2018,NULL
Beauty and the Beast,1991,4
Beauty and the Beast,2017,3
Bedtime Stories,2008,2.5
Bee Movie,2007,2
BEEF,2023,4.5
Beetlejuice,1988,NULL
Beetlejuice Beetlejuice,2024,NULL
Before Sunrise,1995,NULL
Before Sunset,2004,NULL
Before the Devil Knows You're Dead,2007,3.5
Being John Malkovich,1999,4
Ben-Hur,1959,NULL
Bicycle Thieves,1948,NULL
Big,1988,4
Big Hero 6,2014,3.5
Big Little Lies,2017,4
Bill & Ted Face the Music,2020,3
Bill & Ted's Excellent Adventure,1989,4
Bird Box,2018,NULL
Birdman or (The Unexpected Virtue of Ignorance),2014,4
Birds of Prey (and the Fantabulous Emancipation of One Harley Quinn),2020,2
Black Adam,2022,2.5
Black Bag,2025,4
Black Mirror: Bandersnatch,2018,3.5
Black Mirror: San Junipero,2016,4.5
Black Panther,2018,3.5
Black Panther: Wakanda Forever,2022,3.5
Black Swan,2010,4.5
Black Widow,2021,2.5
BlackBerry,2023,4
BlacKkKlansman,2018,3.5
Blade,1998,3.5
Blade II,2002,3.5
Blade Runner,1982,4.5
Blade Runner 2049,2017,4.5
Blended,2014,3
Blink Twice,2024,3
Blood Diamond,2006,4
Blood Simple,1984,3.5
Blow Out,1981,3.5
Blue Velvet,1986,3
Bo Burnham: Inside,2021,5
Bodies Bodies Bodies,2022,3.5
Bohemian Rhapsody,2018,3.5
Bolt,2008,3.5
Bones and All,2022,4
Bonnie and Clyde,1967,4.5
Booksmart,2019,3.5
Borat: Cultural Learnings of America for Make Benefit Glorious Nation of Kazakhstan,2006,NULL
Bottle Rocket,1996,3.5
Bottoms,2023,3.5
Boyhood,2014,3.5
Brave,2012,3
Braveheart,1995,3.5
Brick,2005,4.5
Bridesmaids,2011,3.5
Bridge of Spies,2015,3.5
Bridge to Terabithia,2007,3
Bridget Jones's Diary,2001,NULL
Brief Encounter,1945,NULL
Brokeback Mountain,2005,4.5
Brooklyn,2015,3.5
Brother Bear,2003,3.5
Bruce Almighty,2003,3
Bullet Train,2022,4
Bumblebee,2018,3.5
Burn After Reading,2008,3.5
Burning,2018,3
But I'm a Cheerleader,1999,NULL
Butch Cassidy and the Sundance Kid,1969,4
Caddo Lake,2024,3.5
Call Me by Your Name,2017,4.5
Camp Rock,2008,2
Camp Rock 2: The Final Jam,2010,2
Can You Ever Forgive Me?,2018,3
Cape Fear,1991,4
Capernaum,2018,NULL
Captain America: Brave New World,2025,2.5
Captain America: Civil War,2016,4.5
Captain America: The First Avenger,2011,3
Captain America: The Winter Soldier,2014,4.5
Captain Fantastic,2016,4
Captain Marvel,2019,1.5
Captain Phillips,2013,4
Captain Underpants: The First Epic Movie,2017,3
Carol,2015,NULL
Carrie,1976,NULL
Carry-On,2024,3
Cars,2006,4
Cars 2,2011,2
Cars 3,2017,2.5
Casablanca,1942,4.5
Casino,1995,3.5
Casino Royale,2006,4
Cast Away,2000,NULL
Castle in the Sky,1986,4
Catch Me If You Can,2002,4
Central Intelligence,2016,2.5
Central Station,1998,NULL
Challengers,2024,4
Charlie and the Chocolate Factory,2005,3.5
Charlotte's Web,2006,3
Cheaper by the Dozen,2003,3.5
Cheaper by the Dozen 2,2005,2.5
Chernobyl,2019,5
Chicken Little,2005,3
Chicken Run,2000,3
Children of Heaven,1997,NULL
Children of Men,2006,5
Children of Paradise,1945,NULL
Chinatown,1974,3.5
Chronicle,2012,4
Chungking Express,1994,NULL
Cinderella,1950,3.5
Cinema Paradiso,1988,NULL
Citizen Kane,1941,3
City Lights,1931,NULL
City of God,2002,5
Civil War,2024,4
Click,2006,NULL
Close Encounters of the Third Kind,1977,3.5
Closer,2004,2.5
Close-Up,1990,NULL
Cloudy with a Chance of Meatballs,2009,3.5
Cloudy with a Chance of Meatballs 2,2013,3
Cloverfield,2008,3.5
Clue,1985,3.5
Clueless,1995,3.5
Cocaine Bear,2023,3
Coco,2017,4
Coherence,2013,4
Collateral,2004,4.5
Come and See,1985,NULL
Companion,2025,3.5
Con Air,1997,4
Conclave,2024,NULL
Constantine,2005,3
Cool Hand Luke,1967,4.5
Coraline,2009,NULL
Corpse Bride,2005,NULL
Cowboys & Aliens,2011,2.5
Crazy Rich Asians,2018,3
"Crazy, Stupid, Love.",2011,4
Creed,2015,4
Creed II,2018,4
Creed III,2023,3.5
Crimson Peak,2015,3.5
"Crouching Tiger, Hidden Dragon",2000,4
Cruella,2021,3.5
Cuckoo,2024,3
Cure,1997,NULL
Curious George,2006,3.5
Daddy Day Care,2003,3
Daddy's Home,2015,2.5
Dallas Buyers Club,2013,4
Dangal,2016,NULL
Dark Waters,2019,4
Darkest Hour,2017,3.5
Das Boot,1981,NULL
Date Night,2010,3
Dave,1993,3.5
Dawn of the Planet of the Apes,2014,4
Day Shift,2022,2.5
Dazed and Confused,1993,NULL
DC League of Super-Pets,2022,2.5
Dead Poets Society,1989,4
Deadpool,2016,4
Deadpool & Wolverine,2024,4
Deadpool 2,2018,3.5
Death at a Funeral,2007,4.5
Death on the Nile,2022,3
Decision to Leave,2022,4
"Definitely, Maybe",2008,3.5
Déjà Vu,2006,3.5
Demon Slayer -Kimetsu no Yaiba- The Movie: Mugen Train,2020,4
Dersu Uzala,1975,NULL
Despicable Me,2010,3.5
Despicable Me 2,2013,3.5
Despicable Me 3,2017,2.5
Despicable Me 4,2024,3
Devil,2010,3
Dial M for Murder,1954,4
Diary of a Wimpy Kid,2010,3.5
Diary of a Wimpy Kid: Dog Days,2012,3.5
Diary of a Wimpy Kid: Rodrick Rules,2011,4
Die Hard,1988,4.5
Die Hard With a Vengeance,1995,4
Dirty Dancing,1987,NULL
Dirty Harry,1971,3.5
Divergent,2014,3
Django Unchained,2012,4.5
Do Revenge,2022,2.5
Do the Right Thing,1989,NULL
Doctor Sleep,2019,3.5
Doctor Strange,2016,3.5
Doctor Strange in the Multiverse of Madness,2022,3
Dog Day Afternoon,1975,NULL
Donnie Darko,2001,5
Don't Breathe,2016,3.5
Don't Look Up,2021,3
Don't Worry Darling,2022,3
Dope,2015,3.5
Double Indemnity,1944,3.5
Downfall,2004,NULL
Dr. Strangelove or: How I Learned to Stop Worrying and Love the Bomb,1964,4
Dream Scenario,2023,4
Drishyam,2015,NULL
Drive,2011,4
Driving Miss Daisy,1989,3.5
Drop,2025,2.5
Dumb Money,2023,3.5
Dune,2021,4.5
Dune: Part Two,2024,4.5
Dungeons & Dragons: Honor Among Thieves,2023,3.5
Dunkirk,2017,4
E.T. the Extra-Terrestrial,1982,4
Eastern Promises,2007,4.5
Easy A,2010,3.5
Eddie the Eagle,2015,3.5
Edge of Tomorrow,2014,4
Edward Scissorhands,1990,NULL
Eighth Grade,2018,3.5
El Camino: A Breaking Bad Movie,2019,4
Elemental,2023,3.5
Elf,2003,4
Elio,2025,4
Elvis,2022,NULL
Encanto,2021,3.5
Enchanted,2007,3
End of Watch,2012,3.5
Enemy,2013,3.5
Enola Holmes,2020,3
Enter the Dragon,1973,4
Epic,2013,2
Escape from New York,1981,4
Escape Room,2019,2.5
Eternal Sunshine of the Spotless Mind,2004,4
Eternals,2021,2
Eternity and a Day,1998,NULL
Evan Almighty,2007,2.5
Evangelion: 3.0+1.0 Thrice Upon a Time,2021,NULL
Everybody Wants Some!!,2016,4
Everything Everywhere All at Once,2022,4.5
Everything Must Go,2010,3
Evil Dead Rise,2023,3
Ex Machina,2015,4.5
Extraction,2020,3.5
Extraction 2,2023,3.5
Eyes Wide Shut,1999,3.5
Face/Off,1997,3.5
Fail Safe,1964,NULL
Fall,2022,3
Fallen,1998,3
Fallen Angels,1995,NULL
Family Switch,2023,2
Fanny and Alexander,1982,NULL
Fantastic Beasts and Where to Find Them,2016,3
Fantastic Four,2005,2.5
Fantastic Four,2015,1.5
Fantastic Four: Rise of the Silver Surfer,2007,2
Fantastic Mr. Fox,2009,NULL
Farewell My Concubine,1993,NULL
Fargo,1996,5
Fast & Furious Presents: Hobbs & Shaw,2019,3
Fast Five,2011,3.5
Father of the Bride,1991,3.5
Fear Street: 1666,2021,3
Fear Street: 1978,2021,3
Fear Street: 1994,2021,2.5
Fences,2016,3.5
Ferdinand,2017,2.5
Ferris Bueller's Day Off,1986,4.5
Fight Club,1999,5
Final Destination,2000,3
Final Destination 2,2003,2.5
Final Destination 3,2006,3.5
Finding Dory,2016,3
Finding Nemo,2003,4.5
First Man,2018,3
First Reformed,2017,3
Five Nights at Freddy's,2023,2.5
Flushed Away,2006,2.5
For a Few Dollars More,1965,3.5
Ford v Ferrari,2019,4
Forgetting Sarah Marshall,2008,3.5
Forrest Gump,1994,5
Four Weddings and a Funeral,1994,3.5
Fracture,2007,3.5
Frances Ha,2012,NULL
Freaky,2020,2.5
Freaky Friday,2003,3.5
Free Birds,2013,2
Free Guy,2021,3.5
Free Solo,2018,4.5
Fresh,2022,3
Friday,1995,3.5
Fright Night,1985,3.5
From Dusk Till Dawn,1996,3.5
Frozen,2013,4
Frozen II,2019,3
Full Metal Jacket,1987,4
Funeral Parade of Roses,1969,NULL
Funny Games,2007,3
Furiosa: A Mad Max Saga,2024,4
Game Night,2018,3.5
Gangs of New York,2002,3.5
Gangs of Wasseypur – Part 1,2012,NULL
Garden State,2004,4.5
Gattaca,1997,3.5
Get Out,2017,4.5
G-Force,2009,1.5
Ghost,1990,3.5
Ghost in the Shell,1995,4
Ghostbusters,1984,4
Gifted,2017,3.5
"Girl, Interrupted",1999,NULL
Gladiator,2000,4.5
Gladiator II,2024,NULL
Glass,2019,2.5
Glass Onion,2022,4
Glengarry Glen Ross,1992,4.5
Glory,1989,4
Gnomeo & Juliet,2011,2.5
Godzilla,2014,3
Godzilla Minus One,2023,4.5
Godzilla vs. Kong,2021,3
Godzilla: King of the Monsters,2019,2
Going in Style,2017,3
Gone Baby Gone,2007,3.5
Gone Girl,2014,4.5
Gone with the Wind,1939,NULL
Good Boys,2019,3
Good Time,2017,3.5
Good Will Hunting,1997,5
GoodFellas,1990,4.5
Goosebumps,2015,3
Gran Torino,2008,NULL
Gran Turismo,2023,3.5
Grave of the Fireflies,1988,NULL
Gravity,2013,3.5
Grease,1978,3
Green Book,2018,3.5
Green Lantern,2011,1.5
Green Room,2015,4
Gremlins,1984,3.5
Groundhog Day,1993,4
Grown Ups,2010,2.5
Grown Ups 2,2013,2
Guardians of the Galaxy,2014,4.5
Guardians of the Galaxy Vol. 2,2017,3
Guardians of the Galaxy Vol. 3,2023,4.5
Hachi: A Dog's Tale,2009,4
Hacksaw Ridge,2016,4.5
Halloween,1978,4.5
Halloween,2018,3
Hamilton,2020,4
Hancock,2008,2.5
Hannah Montana: The Movie,2009,2.5
Happy Death Day,2017,3.5
Happy Death Day 2U,2019,2.5
Happy Feet,2006,2.5
Happy Gilmore,1996,3
Harakiri,1962,NULL
Harry Potter and the Chamber of Secrets,2002,3
Harry Potter and the Deathly Hallows: Part 1,2010,4
Harry Potter and the Deathly Hallows: Part 2,2011,4.5
Harry Potter and the Goblet of Fire,2005,4
Harry Potter and the Half-Blood Prince,2009,4
Harry Potter and the Order of the Phoenix,2007,4
Harry Potter and the Philosopher's Stone,2001,3.5
Harry Potter and the Prisoner of Azkaban,2004,4.5
Haunted Mansion,2023,2
Hawkeye,2021,3
Heart Eyes,2025,3
Heat,1995,4.5
Heathers,1989,3.5
Heist,2001,3
Hell or High Water,2016,4
Hellboy,2004,3.5
Hellboy II: The Golden Army,2008,3.5
Her,2013,5
Hercules,1997,3.5
Here Comes the Boom,2012,3
Hereditary,2018,4.5
Heretic,2024,4
Hero,2002,3.5
Hidden Figures,2016,3.5
High and Low,1963,NULL
High Fidelity,2000,4
High School Musical,2006,3
High School Musical 2,2007,3
High School Musical 3: Senior Year,2008,2.5
His House,2020,3.5
Hit Man,2023,4
Holes,2003,3.5
Hollow Man,2000,2.5
Home,2015,2.5
Home Alone,1990,4.5
Home Alone 2: Lost in New York,1992,3.5
Home Alone 3,1997,2.5
Home Sweet Home Alone,2021,1.5
Hoodwinked!,2005,3
Horrible Bosses,2011,3
Horrible Bosses 2,2014,3
Horton Hears a Who!,2008,3
Hot Fuzz,2007,4
Hot Rod,2007,3
Hotel Rwanda,2004,4
Hotel Transylvania,2012,3
Hotel Transylvania 2,2015,3
House at the End of the Street,2012,1.5
How the Grinch Stole Christmas,2000,2.5
How to Lose a Guy in 10 Days,2003,3.5
How to Make Millions Before Grandma Dies,2024,NULL
How to Train Your Dragon,2010,4.5
How to Train Your Dragon 2,2014,4
How to Train Your Dragon: The Hidden World,2019,3.5
Howl's Moving Castle,2004,4.5
Hugo,2011,3
Hunt for the Wilderpeople,2016,3.5
Hustle,2022,3.5
I Am Cuba,1964,NULL
I Am Legend,2007,3.5
I Care a Lot,2020,2.5
I Don't Feel at Home in This World Anymore,2017,3
"I Love You, Man",2009,3.5
I Saw the Devil,2010,4
I Saw the TV Glow,2024,NULL
"I, Robot",2004,3
"I, Tonya",2017,4
Ice Age,2002,4
Ice Age: Collision Course,2016,2
Ice Age: Continental Drift,2012,2.5
Ice Age: Dawn of the Dinosaurs,2009,3
Ice Age: The Meltdown,2006,3.5
Identity,2003,3.5
Ikiru,1952,NULL
Il Sorpasso,1962,NULL
I'm Still Here,2024,NULL
I'm Thinking of Ending Things,2020,3.5
In Bruges,2008,4
In the Heights,2021,3
In the Mood for Love,2000,NULL
In the Name of the Father,1993,NULL
Incendies,2010,4.5
Inception,2010,5
Incredibles 2,2018,3.5
Indiana Jones and the Dial of Destiny,2023,3
Indiana Jones and the Kingdom of the Crystal Skull,2008,3
Indiana Jones and the Last Crusade,1989,4.5
Indiana Jones and the Temple of Doom,1984,3.5
Inglourious Basterds,2009,4.5
Inside Man,2006,4
Inside Out,2015,4.5
Inside Out 2,2024,4.5
Insomnia,2002,4
Inspector Gadget,1999,2
Inspector Gadget 2,2003,2
Insurgent,2015,2
Interstella 5555: The 5tory of the 5ecret 5tar 5ystem,2003,NULL
Interstellar,2014,4.5
Interview with the Vampire,1994,3.5
Into the Wild,2007,4.5
Iron Man,2008,4
Iron Man 2,2010,3.5
Iron Man 3,2013,3
Isle of Dogs,2018,NULL
It,2017,4
It Chapter Two,2019,2.5
It Follows,2014,4
It's a Wonderful Life,1946,4.5
It's Such a Beautiful Day,2012,NULL
It's What's Inside,2024,3.5
Jack and Jill,2011,1
Jack Reacher,2012,3
Jackie Brown,1997,4
Jai Bhim,2021,NULL
James and the Giant Peach,1996,2.5
Jaws,1975,4.5
"Jeanne Dielman, 23, quai du Commerce, 1080 Bruxelles",1975,NULL
Jennifer's Body,2009,3
Jerry Maguire,1996,4.5
John Carter,2012,3.5
John Wick,2014,4.5
John Wick: Chapter 2,2017,4
John Wick: Chapter 3 – Parabellum,2019,4
John Wick: Chapter 4,2023,4.5
Jojo Rabbit,2019,4.5
Joker,2019,4
Journey 2: The Mysterious Island,2012,2.5
Journey to the Center of the Earth,2008,2.5
Judgment at Nuremberg,1961,NULL
Jujutsu Kaisen 0,2021,4
Jumanji,1995,3.5
Jumanji: The Next Level,2019,3
Jumanji: Welcome to the Jungle,2017,3.5
Jungle,2017,3
Jungle Cruise,2021,3
Juno,2007,4
Jupiter Ascending,2015,2
Jurassic Park,1993,4.5
Jurassic World,2015,3.5
Jurassic World: Fallen Kingdom,2018,2.5
Juror #2,2024,4
Just Go with It,2011,3
Justice League,2017,2
Kes,1969,NULL
Kick-Ass,2010,3.5
Kiki's Delivery Service,1989,4
Kill Bill: Vol. 1,2003,4
Kill Bill: Vol. 2,2004,3.5
Killer Klowns from Outer Space,1988,3.5
Killers of the Flower Moon,2023,4
Kimi,2022,3.5
King Kong,2005,3
Kingdom of the Planet of the Apes,2024,3.5
Kingsman: The Golden Circle,2017,3
Kingsman: The Secret Service,2014,4
Kiss Kiss Bang Bang,2005,4
Klaus,2019,4.5
Knight and Day,2010,2.5
Knives Out,2019,4.5
Knock at the Cabin,2023,2.5
Knowing,2009,2
Kong: Skull Island,2017,3.5
Krampus,2015,3
Kubo and the Two Strings,2016,4
Kung Fu Panda,2008,4.5
Kung Fu Panda 2,2011,3.5
Kung Fu Panda 3,2016,3
Kung Fu Panda 4,2024,2.5
Kwaidan,1964,NULL
L.A. Confidential,1997,4.5
La Dolce Vita,1960,NULL
La Haine,1995,NULL
La La Land,2016,4.5
La Notte,1961,NULL
Labyrinth,1986,NULL
Lady and the Tramp,1955,3
Lady Bird,2017,4.5
Landscape in the Mist,1988,NULL
Lars and the Real Girl,2007,4.5
Last Night in Soho,2021,3
Late Night with the Devil,2023,3.5
Late Spring,1949,NULL
Lawrence of Arabia,1962,NULL
Layer Cake,2004,4
Le Samouraï,1967,NULL
Le Trou,1960,NULL
Leave the World Behind,2023,3.5
Legally Blonde,2001,4
Legend of the Guardians: The Owls of Ga'Hoole,2010,2.5
Lemonade Mouth,2011,3
Léon: The Professional,1994,3
Les Misérables,2012,3
Let the Right One In,2008,3
Liar Liar,1997,3
Life,2017,3
Life Is Beautiful,1997,4
Life of Pi,2012,4
"Life, and Nothing More…",1992,NULL
Lightyear,2022,2.5
Like Stars on Earth,2007,NULL
Lilo & Stitch,2002,4.5
Limitless,2011,3
Lion,2016,3.5
Little Miss Sunshine,2006,4.5
Little Women,1994,4
Little Women,2019,4
"Lock, Stock and Two Smoking Barrels",1998,4
Logan,2017,5
Loki,2021,4
Longlegs,2024,3.5
Look Back,2024,NULL
Looper,2012,4
Lost in Translation,2003,4.5
Love & Other Drugs,2010,3.5
Love Actually,2003,3.5
Love and Monsters,2020,3.5
Love Exposure,2008,NULL
Love Hard,2021,3
Love Lies Bleeding,2024,3.5
Luca,2021,3.5
Lucky Number Slevin,2006,4
Lucy,2014,NULL
"Lyle, Lyle, Crocodile",2022,2.5
M,1931,NULL
M3GAN,2022,2.5
Mad Max: Fury Road,2015,4.5
Madagascar,2005,3
Madagascar 3: Europe's Most Wanted,2012,2.5
Madagascar: Escape 2 Africa,2008,3
Magnolia,1999,4
Maharaja,2024,NULL
Malcolm X,1992,NULL
Maleficent,2014,3
Malignant,2021,3.5
Mamma Mia!,2008,4
Man of Steel,2013,2.5
Man on a Ledge,2012,2
Man on Fire,2004,3
Manchester by the Sea,2016,4
Marcel the Shell with Shoes On,2021,4.5
Marie Antoinette,2006,NULL
Marley & Me,2008,3.5
Marmaduke,2010,1.5
Marriage Story,2019,4.5
Marrowbone,2017,4
Mary and Max,2009,NULL
Mary Poppins,1964,3
Master and Commander: The Far Side of the World,2003,3.5
Matilda,1996,NULL
MaXXXine,2024,2.5
May December,2023,4
Me and Earl and the Dying Girl,2015,4.5
Me Before You,2016,4
Mean Girls,2004,4
Meet the Fockers,2004,3
Meet the Parents,2000,3.5
Meet the Robinsons,2007,3.5
Megamind,2010,4
Melancholia,2011,4
Memento,2000,5
Memories of Murder,2003,NULL
Men in Black,1997,4
Men in Black 3,2012,3
Men in Black II,2002,2.5
Men in Black: International,2019,1.5
Metropolis,1927,NULL
Michael Clayton,2007,3.5
Mickey 17,2025,NULL
mid90s,2018,NULL
Midnight in Paris,2011,3.5
Midnight Mass,2021,3.5
Midsommar,2019,4
Migration,2023,3
Millennium Actress,2001,NULL
Million Dollar Baby,2004,4
Minions,2015,2.5
Minions: The Rise of Gru,2022,3
Minority Report,2002,4
Mirror,1975,NULL
Misery,1990,4.5
Mishima: A Life in Four Chapters,1985,NULL
Miss Congeniality,2000,3
Missing,2023,3.5
Mission: Impossible,1996,3.5
Mission: Impossible – Dead Reckoning,2023,4
Mission: Impossible – Fallout,2018,4.5
Mission: Impossible – Ghost Protocol,2011,4
Mission: Impossible – Rogue Nation,2015,4
Mission: Impossible – The Final Reckoning,2025,4
Mission: Impossible II,2000,3
Mission: Impossible III,2006,3.5
Mississippi Burning,1988,3.5
Moana,2016,3.5
Moana 2,2024,2.5
Modern Times,1936,NULL
Molly's Game,2017,3.5
Mommy,2014,NULL
Moneyball,2011,4.5
Monkey Man,2024,3
Monster,2023,NULL
Monster House,2006,3
Monsters University,2013,3.5
Monsters vs Aliens,2009,3
"Monsters, Inc.",2001,5
Monty Python and the Holy Grail,1975,4
Moon,2009,3.5
Moon Knight,2022,3.5
Moonlight,2016,4.5
Moonrise Kingdom,2012,4
Mortal Kombat,2021,3
Mother,2009,3.5
Mother of the Bride,2024,1
mother!,2017,3.5
Moulin Rouge!,2001,NULL
Mr. & Mrs. Smith,2005,3.5
Mr. Harrigan's Phone,2022,2
Mr. Peabody & Sherman,2014,3
Mr. Popper's Penguins,2011,3
Mr. Smith Goes to Washington,1939,4
Mrs. Doubtfire,1993,3.5
Mulan,1998,4
Mulan,2020,1.5
Mulholland Drive,2001,3
Murder Mystery,2019,2.5
Murder on the Orient Express,2017,3.5
My Big Fat Greek Wedding,2002,3.5
My Big Fat Greek Wedding 2,2016,3
My Cousin Vinny,1992,4.5
My Father and My Son,2005,NULL
My Neighbor Totoro,1988,4.5
My Old Ass,2024,3
Mysterious Skin,2004,NULL
Mystic River,2003,4
Nacho Libre,2006,3.5
Napoleon,1927,NULL
Napoleon Dynamite,2004,4
National Lampoon's Christmas Vacation,1989,3.5
National Treasure,2004,4
National Treasure: Book of Secrets,2007,3.5
Neighbors,2014,3
Neon Genesis Evangelion: The End of Evangelion,1997,NULL
Network,1976,4
Nick and Norah's Infinite Playlist,2008,3
Night at the Museum,2006,3.5
Night at the Museum: Battle of the Smithsonian,2009,3
Night at the Museum: Secret of the Tomb,2014,3
Nightcrawler,2014,4.5
Nightmare Alley,2021,3
Nights of Cabiria,1957,NULL
Nimona,2023,4
No Country for Old Men,2007,5
No Hard Feelings,2023,3.5
No One Will Save You,2023,3.5
No Time to Die,2021,3
Nobody,2021,3.5
Nobody Knows,2004,NULL
Nocturnal Animals,2016,3.5
Non-Stop,2014,3
Nope,2022,4
Normal People,2020,4.5
North by Northwest,1959,4
Nosferatu,2024,4.5
Nostalgia,1983,NULL
Notting Hill,1999,4
Now You See Me,2013,3.5
Now You See Me 2,2016,2.5
Obi-Wan Kenobi,2022,3
Oblivion,2013,3
Ocean's Eight,2018,3
Ocean's Eleven,2001,4
Office Space,1999,5
Okja,2017,3
Old,2021,2.5
Old School,2003,3
Oldboy,2003,5
On the Waterfront,1954,4
Once Upon a Time in America,1984,NULL
Once Upon a Time in the West,1968,3.5
Once Upon a Time... in Hollywood,2019,4.5
One Flew Over the Cuckoo's Nest,1975,5
One Hundred and One Dalmatians,1961,3
Onward,2020,3.5
Open Season,2006,3
Opening Night,1977,NULL
Oppenheimer,2023,4.5
Ordet,1955,NULL
Orion and the Dark,2024,3
Orphan,2009,3.5
Over the Garden Wall,2014,4.5
Over the Hedge,2006,3
Overlord,2018,3
Oz the Great and Powerful,2013,2.5
Pacific Rim,2013,3.5
Paddington,2014,4
Paddington 2,2017,4
Palm Springs,2020,4.5
Panic Room,2002,3.5
Pan's Labyrinth,2006,4.5
Paper Moon,1973,NULL
Parasite,2019,5
"Paris, Texas",1984,NULL
Passengers,2016,2
Past Lives,2023,NULL
Paterson,2016,4
Pather Panchali,1955,NULL
Paths of Glory,1957,3.5
Paul Blart: Mall Cop,2009,3
Paul Blart: Mall Cop 2,2015,1.5
Pearl,2022,4
Penguins of Madagascar,2014,3
Percy Jackson & the Olympians: The Lightning Thief,2010,3
Percy Jackson: Sea of Monsters,2013,2.5
Perfect Blue,1997,NULL
Perfect Days,2023,NULL
Persona,1966,NULL
Peter Pan,1953,4
Peter Rabbit,2018,3
Pete's Dragon,2016,2.5
Phantom Thread,2017,3.5
Phone Booth,2002,3
Pig,2021,4
Pinocchio,1940,3.5
Pirates of the Caribbean: At World's End,2007,3.5
Pirates of the Caribbean: Dead Man's Chest,2006,4.5
Pirates of the Caribbean: Dead Men Tell No Tales,2017,2.5
Pirates of the Caribbean: On Stranger Tides,2011,2.5
Pirates of the Caribbean: The Curse of the Black Pearl,2003,4
Pitch Perfect,2012,3.5
Pitch Perfect 2,2015,2.5
Pixels,2015,1.5
"Planes, Trains and Automobiles",1987,4
Platoon,1986,NULL
Plus One,2019,4
Pocahontas,1995,3.5
Pokémon Detective Pikachu,2019,3.5
Ponyo,2008,3.5
Poor Things,2023,4
Popstar: Never Stop Never Stopping,2016,4
Portrait of a Lady on Fire,2019,NULL
Possession,1981,NULL
Possessor,2020,3
Predator,1987,4.5
Predator: Killer of Killers,2025,4
Pretty Woman,1990,NULL
Prey,2022,4
Pride & Prejudice,2005,4.5
Primal Fear,1996,4
Princess Mononoke,1997,4
Priscilla,2023,NULL
Prisoners,2013,4.5
Prometheus,2012,2.5
Promising Young Woman,2020,4
Psycho,1960,4
Puella Magi Madoka Magica the Movie Part III: Rebellion,2013,NULL
Pulp Fiction,1994,5
Punch-Drunk Love,2002,3.5
Puss in Boots,2011,3
Puss in Boots: The Last Wish,2022,4.5
Quantum of Solace,2008,2.5
Race to Witch Mountain,2009,2.5
Radio Rebel,2012,1.5
Raging Bull,1980,4
Raiders of the Lost Ark,1981,4.5
Rain Man,1988,4
Raise the Red Lantern,1991,NULL
Raising Arizona,1987,3.5
Ralph Breaks the Internet,2018,3
Ramona and Beezus,2010,3
Ran,1985,NULL
Rango,2011,3.5
Rashomon,1950,NULL
Ratatouille,2007,5
Raya and the Last Dragon,2021,3
Ready or Not,2019,3
Ready Player One,2018,4
Real Steel,2011,3.5
Reality,2023,3.5
Rear Window,1954,4.5
Rebel Ridge,2024,4
RED,2010,3
Red Beard,1965,NULL
Red Eye,2005,2.5
Red Notice,2021,2
Red One,2024,2
Remember the Titans,2000,3.5
Renfield,2023,3
Reptile,2023,3
Requiem for a Dream,2000,5
Reservoir Dogs,1992,4
Return of the Jedi,1983,4.5
Return to Me,2000,3.5
Revolutionary Road,2008,4
Richard Jewell,2019,3.5
Rififi,1955,NULL
Rio,2011,2.5
Rio 2,2014,2
Rise of the Guardians,2012,2.5
Rise of the Planet of the Apes,2011,4
Risky Business,1983,3.5
Ritual,2000,NULL
Robots,2005,2.5
Rocco and His Brothers,1960,NULL
Rocky,1976,4
Rogue One: A Star Wars Story,2016,3.5
Role Models,2008,3
Roma,2018,3.5
Romeo + Juliet,1996,NULL
Ron's Gone Wrong,2021,3
Room,2015,4.5
Rope,1948,4.5
Rosemary's Baby,1968,4
Rounders,1998,3
RRR,2022,4.5
Run,2020,3.5
Runaway Jury,2003,3.5
Rush,2013,NULL
Rush Hour,1998,3.5
Rye Lane,2023,4
Safe Haven,2013,3
Salt,2010,3
Saltburn,2023,3.5
Samurai Rebellion,1967,NULL
Sansho the Bailiff,1954,NULL
Satantango,1994,NULL
Saving Private Ryan,1998,4
Saw,2004,3.5
Scarface,1983,4.5
Scary Movie,2000,NULL
Scenes from a Marriage,1974,NULL
Schindler's List,1993,4.5
School of Rock,2003,4
Scoob!,2020,2
Scooby-Doo,2002,2.5
Scooby-Doo 2: Monsters Unleashed,2004,2
Scott Pilgrim vs. the World,2010,4.5
Scream,1996,4.5
Scream,2022,3
Scream 2,1997,3.5
Scream 3,2000,2.5
Scream 4,2011,3.5
Scream VI,2023,3
Se7en,1995,5
Searching,2018,3.5
Secondhand Lions,2003,3.5
Secret Window,2004,3
Secrets & Lies,1996,NULL
Set It Up,2018,3.5
Seven Psychopaths,2012,3.5
Seven Samurai,1954,4.5
Shang-Chi and the Legend of the Ten Rings,2021,4
Shark Tale,2004,2
Shaun of the Dead,2004,4
Shazam!,2019,3
Shazam! Fury of the Gods,2023,2.5
Sherlock Holmes,2009,3.5
Sherlock Jr.,1924,NULL
She's Out of My League,2010,3
She's the Man,2006,NULL
Shiva Baby,2020,4
Shooter,2007,3
Shoplifters,2018,NULL
Shot Caller,2017,3.5
Shrek,2001,4
Shrek 2,2004,3.5
Shrek Forever After,2010,2
Shrek the Third,2007,2.5
Shutter Island,2010,5
Sicario,2015,4
Sicario: Day of the Soldado,2018,3
Side Effects,2013,3.5
Sideways,2004,4
Signs,2002,3.5
Silent Hill,2006,2.5
Silver Linings Playbook,2012,3.5
Sin City,2005,4
Sing,2016,2.5
Sing Sing,2023,NULL
Singin' in the Rain,1952,NULL
Sinners,2025,4.5
Sky High,2005,3.5
Skyfall,2012,4.5
Sleeping Beauty,1959,3
Sleepless in Seattle,1993,4
Slumdog Millionaire,2008,NULL
Smile,2022,2.5
Smile 2,2024,3.5
Snatch,2000,4
Snow White and the Seven Dwarfs,1937,3.5
Snowden,2016,3
Snowpiercer,2013,3.5
Society of the Snow,2023,4.5
Solaris,1972,NULL
Solo: A Star Wars Story,2018,3
Some Like It Hot,1959,NULL
Song of the Sea,2014,NULL
Sonic the Hedgehog,2020,3
Sonic the Hedgehog 2,2022,3
Sorcerer,1977,NULL
Sorry to Bother You,2018,4
Soul,2020,4.5
Source Code,2011,3.5
Space Jam,1996,3.5
Space Jam: A New Legacy,2021,1.5
Speak No Evil,2024,3.5
Spectre,2015,3
Speed,1994,4
Spider-Man,2002,4
Spider-Man 2,2004,4
Spider-Man 3,2007,3
Spider-Man: Across the Spider-Verse,2023,5
Spider-Man: Far From Home,2019,3.5
Spider-Man: Homecoming,2017,4
Spider-Man: Into the Spider-Verse,2018,4.5
Spider-Man: No Way Home,2021,4.5
Spies in Disguise,2019,2.5
Spirited Away,2001,4
Split,2016,3.5
Spotlight,2015,4
Spy,2015,3
Spy Kids,2001,3
Spy Kids 2: The Island of Lost Dreams,2002,3
Spy Kids 3-D: Game Over,2003,2.5
Squid Game,2021,3.5
Stalker,1979,NULL
Stand by Me,1986,4.5
Star Trek,2009,3.5
Star Trek Beyond,2016,3
Star Trek Into Darkness,2013,3.5
Star Wars,1977,4.5
Star Wars: Episode I – The Phantom Menace,1999,3.5
Star Wars: Episode II – Attack of the Clones,2002,3
Star Wars: Episode III – Revenge of the Sith,2005,4.5
Star Wars: The Clone Wars,2008,3.5
Star Wars: The Force Awakens,2015,3.5
Star Wars: The Last Jedi,2017,2.5
Star Wars: The Rise of Skywalker,2019,2
Stardust,2007,3.5
Still Walking,2008,NULL
Stoker,2013,3
Strange World,2022,2.5
Strangers on a Train,1951,4
Stuart Little,1999,3
Suicide Squad,2016,2
Sunset Boulevard,1950,4
Sunshine,2007,4
Super 8,2011,3
Superbad,2007,4.5
Superman,2025,NULL
Surf's Up,2007,3.5
Suspiria,2018,2.5
Sweeney Todd: The Demon Barber of Fleet Street,2007,3.5
Sweet Smell of Success,1957,NULL
Swing Girls,2004,NULL
Tag,2018,3
Taken,2008,4
Taken 2,2012,2.5
Talk to Me,2022,3.5
Tampopo,1985,NULL
Tangled,2010,4.5
TÁR,2022,4
Tarzan,1999,3.5
Taste of Cherry,1997,NULL
Taxi Driver,1976,4.5
Ted,2012,3
Teenage Mutant Ninja Turtles,2014,2
Teenage Mutant Ninja Turtles: Mutant Mayhem,2023,4
Temple Grandin,2010,4
Tenet,2020,3.5
Terminator 2: Judgment Day,1991,4.5
Thanksgiving,2023,2.5
The 40 Year Old Virgin,2005,3.5
The 400 Blows,1959,NULL
The Accountant,2016,3.5
The Accountant²,2025,3
The Adam Project,2022,3
The Addams Family,1991,3.5
The Adventures of Sharkboy and Lavagirl,2005,2.5
The Adventures of Tintin,2011,3
The Age of Adaline,2015,3
The Amateur,2025,2.5
The Amazing Spider-Man,2012,3
The Amazing Spider-Man 2,2014,2.5
The Angry Birds Movie,2016,2.5
The Apartment,1960,4
The Ascent,1977,NULL
The Assassination of Jesse James by the Coward Robert Ford,2007,3.5
The Autopsy of Jane Doe,2016,3.5
The Avengers,2012,4.5
The Babadook,2014,NULL
The Babysitter,2017,3.5
The Bad Guys,2022,3.5
The Ballad of Buster Scruggs,2018,4
The Banshees of Inisherin,2022,4.5
The Batman,2022,4
The Battle of Algiers,1966,NULL
The Beekeeper,2024,3
The Benchwarmers,2006,2
The Best of Youth,2003,NULL
The Best Years of Our Lives,1946,NULL
The Big Lebowski,1998,5
The Big Short,2015,4
The Big Sick,2017,4
The Birds,1963,4
The Black Cauldron,1985,2.5
The Black Phone,2021,3
The Blair Witch Project,1999,NULL
The Blind Side,2009,2.5
The Blues Brothers,1980,4
The Book of Eli,2010,3.5
The Book of Life,2014,2.5
The Boss Baby,2017,2.5
The Bourne Identity,2002,4.5
The Bourne Supremacy,2004,4
The Bourne Ultimatum,2007,4
The Boy and the Heron,2023,NULL
The Boy in the Striped Pyjamas,2008,NULL
The Breakfast Club,1985,4.5
The Bridge on the River Kwai,1957,NULL
The Bucket List,2007,3
The Butterfly Effect,2004,3.5
The Cabin in the Woods,2011,4
The Cat in the Hat,2003,0.5
The Celebration,1998,NULL
The Chaos Class Failed the Class,1975,NULL
The Chronicles of Narnia: Prince Caspian,2008,3.5
"The Chronicles of Narnia: The Lion, the Witch and the Wardrobe",2005,4
The Chronicles of Narnia: The Voyage of the Dawn Treader,2010,3
The Commuter,2018,3
The Conjuring,2013,3.5
The Conjuring 2,2016,3.5
The Conjuring: The Devil Made Me Do It,2021,3.5
The Conversation,1974,3.5
The Cranes Are Flying,1957,NULL
The Creator,2023,3.5
The Cremator,1969,NULL
The Croods,2013,2.5
The Crow,1994,3.5
The Curious Case of Benjamin Button,2008,3.5
The Dark Knight,2008,5
The Dark Knight Rises,2012,4
The Deer Hunter,1978,NULL
The Departed,2006,5
The Descendants,2011,4
The Descent,2005,4
The Devil All the Time,2020,3.5
The Devil Wears Prada,2006,3.5
The Devil's Advocate,1997,3.5
The Disappearance of Haruhi Suzumiya,2010,NULL
The Disaster Artist,2017,4
The Edge of Seventeen,2016,4
The Elephant Man,1980,NULL
The Emperor's New Groove,2000,4.5
The Empire Strikes Back,1980,5
The Empty Man,2020,3.5
The Equalizer,2014,3.5
The Equalizer 2,2018,3
The Equalizer 3,2023,3
The Exorcist,1973,NULL
The Face of Another,1966,NULL
The Falcon and the Winter Soldier,2021,3
The Fall Guy,2024,3.5
The Farewell,2019,4
The Fast and the Furious,2001,NULL
The Father,2020,NULL
The Fault in Our Stars,2014,3.5
The Favourite,2018,NULL
The Firm,1993,3
The First Omen,2024,3.5
The First Slam Dunk,2022,NULL
The Florida Project,2017,4
The Fly,1986,4
The French Dispatch,2021,NULL
The Fugitive,1993,4
The Game,1997,3.5
The Game Plan,2007,2.5
The General,1926,NULL
The Gentlemen,2019,3.5
The Gift,2015,3.5
The Girl Next Door,2004,3
The Girl with the Dragon Tattoo,2011,4
The Godfather,1972,4.5
The Godfather Part II,1974,4.5
The Gold Rush,1925,NULL
The Good Dinosaur,2015,2.5
"The Good, the Bad and the Ugly",1966,5
The Goonies,1985,3.5
The Gorge,2025,3
The Graduate,1967,4
The Grand Budapest Hotel,2014,4
The Grapes of Wrath,1940,NULL
The Gray Man,2022,2
The Great Dictator,1940,NULL
The Great Escape,1963,4
The Great Gatsby,2013,3
The Greatest Showman,2017,2.5
The Green Mile,1999,4.5
The Grinch,2018,2.5
The Guardians of the Galaxy Holiday Special,2022,3.5
The Handmaiden,2016,4
The Hangover,2009,4
The Hangover Part II,2011,3
The Harder They Fall,2021,3
The Hateful Eight,2015,4
The Haunting of Bly Manor,2020,3.5
The Haunting of Hill House,2018,4.5
The Help,2011,4
The Hitchhiker's Guide to the Galaxy,2005,3
The Hitman's Bodyguard,2017,3
The Hobbit: An Unexpected Journey,2012,3.5
The Hobbit: The Battle of the Five Armies,2014,3
The Hobbit: The Desolation of Smaug,2013,3.5
The Holdovers,2023,4
The Holiday,2006,3
The Host,2006,3.5
The Human Condition I: No Greater Love,1959,NULL
The Human Condition II: Road to Eternity,1959,NULL
The Human Condition III: A Soldier's Prayer,1961,NULL
The Hunger Games,2012,4
The Hunger Games: Catching Fire,2013,4
The Hunger Games: Mockingjay – Part 1,2014,2.5
The Hunger Games: Mockingjay – Part 2,2015,3
The Hunger Games: The Ballad of Songbirds & Snakes,2023,4
The Hunt,2012,NULL
The Hunt,2020,3.5
The Hurt Locker,2008,3
The Imitation Game,2014,4
The Incredible Hulk,2008,2.5
The Incredibles,2004,5
The Intern,2015,3.5
The Internship,2013,3
The Intouchables,2011,NULL
The Invisible Man,2020,3.5
The Invitation,2015,3.5
The Irishman,2019,3.5
The Iron Claw,2023,4.5
The Iron Giant,1999,4
The Italian Job,2003,3
The Jungle Book,1967,3.5
The Jungle Book,2016,3.5
The Karate Kid,1984,3.5
The Karate Kid,2010,2.5
The Kid,1921,3.5
The Killer,2023,3.5
The Killing of a Sacred Deer,2017,3.5
The King,2019,3.5
The King of Comedy,1982,NULL
The King's Man,2021,3
The Last Samurai,2003,3.5
The Lego Batman Movie,2017,4
The Lego Movie,2014,4
The Lego Movie 2: The Second Part,2019,3
The Life and Death of Colonel Blimp,1943,NULL
The Lighthouse,2019,4
The Lion King,1994,5
The Lion King,2019,2.5
The Lion King 1½,2004,3.5
The Little Mermaid,1989,3.5
The Little Things,2021,2.5
The Lives of Others,2006,NULL
The Lobster,2015,3.5
The Lodge,2019,3
The Lone Ranger,2013,3
The Lorax,2012,3
The Lord of the Rings: The Fellowship of the Ring,2001,5
The Lord of the Rings: The Return of the King,2003,5
The Lord of the Rings: The Two Towers,2002,5
The Losers,2010,3
The Lost Boys,1987,3.5
The Lost City of Z,2016,3
The Lost World: Jurassic Park,1997,3
The Maltese Falcon,1941,3.5
The Man from U.N.C.L.E.,2015,3.5
The Man Who Shot Liberty Valance,1962,NULL
The Martian,2015,4
The Marvels,2023,3.5
The Mask,1994,3
The Master,2012,4
The Matrix,1999,5
The Matrix Reloaded,2003,3.5
The Matrix Revolutions,2003,2.5
The Maze Runner,2014,3
The Meg,2018,2.5
The Menu,2022,3.5
The Mist,2007,4
The Mitchells vs. the Machines,2021,4.5
The Monkey King,2023,2
The Mummy,1999,3
The Muppets,2011,3
The Negotiator,1998,3
The Next Three Days,2010,2.5
The Nice Guys,2016,4
The Night House,2020,4
The Night of the Hunter,1955,3
The Nightmare Before Christmas,1993,3.5
The Northman,2022,4
The Notebook,2004,NULL
The Nut Job,2014,2
The Old Guard,2020,2.5
The Other Guys,2010,4
The Others,2001,4
The Outfit,2022,3.5
The Pacifier,2005,2
The Pale Blue Eye,2022,2.5
The Parent Trap,1998,3
The Passion of Joan of Arc,1928,NULL
The Peanut Butter Falcon,2019,4
The Peanuts Movie,2015,3
The Perks of Being a Wallflower,2012,4.5
The Pianist,2002,NULL
The Platform,2019,3
The Polar Express,2004,4
The Pope's Exorcist,2023,2.5
The Post,2017,3
The Prestige,2006,4.5
The Princess and the Frog,2009,3.5
The Princess Bride,1987,5
The Princess Diaries,2001,3.5
The Princess Diaries 2: Royal Engagement,2004,3
The Proposal,2009,4
The Purge,2013,2
The Pursuit of Happyness,2006,NULL
The Queen's Gambit,2020,5
The Raid,2011,4
The Raid 2,2014,4.5
The Red Shoes,1948,NULL
The Revenant,2015,4.5
The Ring,2002,3.5
The Ritual,2017,3.5
The Rock,1996,4
The Rocky Horror Picture Show,1975,NULL
The Royal Tenenbaums,2001,4
The Sacrifice,1986,NULL
The Sandlot,1993,4
The Santa Clause 3: The Escape Clause,2006,2.5
The Sea Beast,2022,3.5
The Secret in Their Eyes,2009,4.5
The Secret Life of Pets,2016,3
The Secret Life of Walter Mitty,2013,4
The Seventh Seal,1957,NULL
The Shallows,2016,3.5
The Shape of Water,2017,3
The Shawshank Redemption,1994,5
The Shining,1980,4.5
The Silence of the Lambs,1991,5
The Simpsons Movie,2007,NULL
The Sixth Sense,1999,3.5
The Smurfs,2011,2
The Smurfs 2,2013,1
The Social Network,2010,5
The Sorcerer's Apprentice,2010,3.5
The Sound of Music,1965,4
The Spiderwick Chronicles,2008,3
The SpongeBob SquarePants Movie,2004,3
The Sting,1973,4
The Strangers,2008,3.5
The Substance,2024,NULL
The Suicide Squad,2021,4
The Super Mario Bros. Movie,2023,3.5
The Sword in the Stone,1963,2.5
The Tale of The Princess Kaguya,2013,NULL
The Talented Mr. Ripley,1999,4
The Terminal,2004,4
The Terminator,1984,4
The Texas Chain Saw Massacre,1974,NULL
The Theory of Everything,2014,3.5
The Thing,1982,4.5
The Thing,2011,3
The Third Man,1949,4
The Tigger Movie,2000,3
The Tomorrow War,2021,3
The Town,2010,3.5
The Transporter,2002,3.5
The Treasure of the Sierra Madre,1948,NULL
The Trial of the Chicago 7,2020,4
The Truman Show,1998,4.5
The Twilight Saga: Breaking Dawn – Part 1,2011,2
The Twilight Saga: Breaking Dawn – Part 2,2012,NULL
The Twilight Saga: Eclipse,2010,2
The Twilight Saga: New Moon,2009,2
The Unbearable Weight of Massive Talent,2022,3.5
The Untouchables,1987,3.5
The Usual Suspects,1995,4.5
The Vast of Night,2019,3.5
The Village,2004,3.5
The Virgin Suicides,1999,NULL
The Visit,2015,4
The Wages of Fear,1953,NULL
The Wailing,2016,4.5
The Watchers,2024,2.5
The Whale,2022,NULL
The Wild,2006,1.5
The Wild Robot,2024,4.5
The Witch,2015,4
The Wizard of Oz,1939,3.5
The Wolf of Wall Street,2013,4
The Wolverine,2013,3.5
The World's End,2013,3.5
The Worst Person in the World,2021,4.5
The Wrestler,2008,4
The Young Girls of Rochefort,1967,NULL
The Zone of Interest,2023,NULL
Theater Camp,2023,3.5
Thelma,2024,4.5
Then Came You,2018,3
There Will Be Blood,2007,4.5
They Cloned Tyrone,2023,3.5
This Is the End,2013,3.5
This Is Where I Leave You,2014,3
Thor,2011,3
Thor: Love and Thunder,2022,2.5
Thor: Ragnarok,2017,4
Thor: The Dark World,2013,2
"Three Billboards Outside Ebbing, Missouri",2017,4.5
Three Colours: Red,1994,NULL
Three Identical Strangers,2018,4
Three Thousand Years of Longing,2022,3.5
Throne of Blood,1957,NULL
Thunderbolts*,2025,4
"tick, tick... BOOM!",2021,NULL
Tiger King,2020,3
Tinker Tailor Soldier Spy,2011,3
Titane,2021,3.5
Titanic,1997,4
To All the Boys I've Loved Before,2018,NULL
To Be or Not to Be,1942,NULL
To Kill a Mockingbird,1962,NULL
Tokyo Godfathers,2003,NULL
Tokyo Story,1953,NULL
Tommy Boy,1995,3.5
Tooth Fairy,2010,2
Top Gun,1986,3
Top Gun: Maverick,2022,4.5
Total Recall,1990,3.5
Totally Killer,2023,3
Toy Story,1995,4.5
Toy Story 2,1999,4.5
Toy Story 3,2010,5
Toy Story 4,2019,3
Train to Busan,2016,3.5
Training Day,2001,4
Trainspotting,1996,4
Transformers,2007,3
Transformers: Age of Extinction,2014,2
Transformers: Dark of the Moon,2011,2.5
Transformers: Revenge of the Fallen,2009,2
Transformers: Rise of the Beasts,2023,2.5
Trap,2024,3
Treasure Planet,2002,3.5
Tremors,1990,3.5
Triangle of Sadness,2022,4
Trick 'r Treat,2007,4
Trolls,2016,2
TRON: Legacy,2010,3.5
Tropic Thunder,2008,3.5
True Grit,2010,4
True Lies,1994,2.5
True Romance,1993,3.5
Turbo,2013,2
Turning Red,2022,2.5
Twelve Monkeys,1995,3.5
Twilight,2008,2.5
Twin Peaks: Fire Walk with Me,1992,NULL
Twister,1996,4
Twisters,2024,3.5
Ugetsu,1953,NULL
Umberto D.,1952,NULL
Unbreakable,2000,4
Uncharted,2022,2.5
Uncut Gems,2019,4
Under the Silver Lake,2018,3.5
Underground,1995,NULL
Unforgiven,1992,3.5
Unhinged,2020,2.5
Unstoppable,2010,3
Up,2009,5
Upgrade,2018,3.5
Uptown Girls,2003,NULL
Us,2019,3.5
V for Vendetta,2005,4
Venom,2018,2.5
Venom: Let There Be Carnage,2021,NULL
Vertigo,1958,4
Vice,2018,3.5
Violent Night,2022,3
WALL·E,2008,5
Wallace & Gromit: The Curse of the Were-Rabbit,2005,3.5
WandaVision,2021,4
War Dogs,2016,4
War for the Planet of the Apes,2017,4
War Horse,2011,3.5
War of the Worlds,2005,3.5
Warcraft,2016,2.5
WarGames,1983,3.5
Warrior,2011,NULL
Watcher,2022,3.5
Watchmen,2009,3.5
Waves,2019,4.5
We All Loved Each Other So Much,1974,NULL
We Bought a Zoo,2011,3
We Need to Talk About Kevin,2011,3.5
Wedding Crashers,2005,3.5
Werckmeister Harmonies,2000,NULL
We're the Millers,2013,3
Werewolf by Night,2022,4
What If,2013,4
What's Eating Gilbert Grape,1993,4
When Harry Met Sally...,1989,5
Where Is the Friend's House?,1987,NULL
Where the Crawdads Sing,2022,3.5
Whiplash,2014,5
Whisper of the Heart,1995,NULL
White Chicks,2004,NULL
White House Down,2013,2.5
Who's Afraid of Virginia Woolf?,1966,NULL
Wicked,2024,NULL
Wicked Little Letters,2023,3.5
Wild Strawberries,1957,NULL
Wild Tales,2014,NULL
Willy Wonka & the Chocolate Factory,1971,4
Wind River,2017,4
Wings of Desire,1987,NULL
Winter Light,1963,NULL
Witness for the Prosecution,1957,4
Wolfs,2024,3
Woman in the Dunes,1964,NULL
Wonder,2017,3.5
Wonder Woman,2017,3.5
Wonder Woman 1984,2020,2
Wonka,2023,2.5
World War Z,2013,3.5
Wrath of Man,2021,3
Wreck-It Ralph,2012,4
X,2022,3.5
X2,2003,4
X-Men,2000,3.5
X-Men Origins: Wolverine,2009,3
X-Men: Apocalypse,2016,2
X-Men: Days of Future Past,2014,4
X-Men: First Class,2011,4
X-Men: The Last Stand,2006,2.5
Y Tu Mamá También,2001,NULL
Yi Yi,2000,NULL
Yogi Bear,2010,1.5
Yojimbo,1961,4
You Were Never Really Here,2017,3
Your Name.,2016,4.5
You're Next,2011,3.5
"Yours, Mine & Ours",2005,3
You've Got Mail,1998,4
Z,1969,NULL
Zack Snyder's Justice League,2021,4
Zathura: A Space Adventure,2005,3.5
Zodiac,2007,4.5
Zombieland,2009,4
Zombieland: Double Tap,2019,3
Zookeeper,2011,2
Zoolander,2001,NULL
Zootopia,2016,4.5
