Name,Year,rating,letterboxd_top_250,imdb_top_250,letterboxd_top_fans,letterboxd_million
(500) Days of Summer,2009,5,FALSE,FALSE,TRUE,TRUE
10 Cloverfield Lane,2016,4,FALSE,FALSE,FALSE,FALSE
10 Things I Hate About You,1999,4.5,FALSE,FALSE,TRUE,TRUE
12 Angry Men,1957,4.5,TRUE,TRUE,TRUE,TRUE
12 Years a Slave,2013,NULL,FALSE,TRUE,FALSE,TRUE
127 Hours,2010,4,FALSE,FALSE,FALSE,FALSE
12th Fail,2023,NULL,FALSE,TRUE,FALSE,FALSE
13 Assassins,2010,4,FALSE,FALSE,FALSE,FALSE
13 Going on 30,2004,NULL,FALSE,FALSE,TRUE,TRUE
17 Again,2009,3,FALSE,FALSE,FALSE,FALSE
1917,2019,4.5,FALSE,TRUE,FALSE,TRUE
2 Fast 2 Furious,2003,2,FALSE,FALSE,FALSE,FALSE
2 Guns,2013,3,FALSE,FALSE,FALSE,FALSE
2001: A Space Odyssey,1968,3.5,TRUE,TRUE,TRUE,TRUE
21,2008,3,FALSE,FALSE,FALSE,FALSE
21 Bridges,2019,2.5,FALSE,FALSE,FALSE,FALSE
21 Jump Street,2012,3.5,FALSE,FALSE,FALSE,TRUE
22 Jump Street,2014,3.5,FALSE,FALSE,FALSE,TRUE
28 Days Later,2002,3.5,FALSE,FALSE,FALSE,TRUE
3 Idiots,2009,4,FALSE,TRUE,FALSE,FALSE
300,2006,3.5,FALSE,FALSE,FALSE,FALSE
"4 Months, 3 Weeks and 2 Days",2007,NULL,TRUE,FALSE,FALSE,FALSE
42,2013,3.5,FALSE,FALSE,FALSE,FALSE
50 First Dates,2004,3.5,FALSE,FALSE,FALSE,TRUE
50/50,2011,4.5,FALSE,FALSE,FALSE,FALSE
8?,1963,NULL,FALSE,FALSE,FALSE,FALSE
8 Mile,2002,3.5,FALSE,FALSE,FALSE,FALSE
A Beautiful Day in the Neighborhood,2019,3.5,FALSE,FALSE,FALSE,FALSE
A Beautiful Mind,2001,4.5,FALSE,TRUE,FALSE,FALSE
A Brighter Summer Day,1991,NULL,TRUE,FALSE,FALSE,FALSE
A Bug's Life,1998,3.5,FALSE,FALSE,FALSE,TRUE
A Christmas Carol,2009,3,FALSE,FALSE,FALSE,FALSE
A Clockwork Orange,1971,4.5,FALSE,TRUE,TRUE,TRUE
A Few Good Men,1992,4,FALSE,FALSE,FALSE,FALSE
A Haunting in Venice,2023,2.5,FALSE,FALSE,FALSE,FALSE
A Knight's Tale,2001,3.5,FALSE,FALSE,FALSE,FALSE
A Man Called Otto,2022,4,FALSE,FALSE,FALSE,FALSE
A Man Escaped,1956,NULL,TRUE,FALSE,FALSE,FALSE
A Matter of Life and Death,1946,NULL,TRUE,FALSE,FALSE,FALSE
A Minecraft Movie,2025,2.5,FALSE,FALSE,FALSE,TRUE
A Nightmare on Elm Street,1984,3.5,FALSE,FALSE,FALSE,FALSE
A Perfect Murder,1998,3,FALSE,FALSE,FALSE,FALSE
A Quiet Place,2018,4,FALSE,FALSE,FALSE,TRUE
A Quiet Place Part II,2020,3.5,FALSE,FALSE,FALSE,TRUE
A Real Pain,2024,4,FALSE,FALSE,FALSE,TRUE
A Separation,2011,NULL,TRUE,TRUE,FALSE,FALSE
A Silent Voice: The Movie,2016,NULL,FALSE,TRUE,TRUE,FALSE
A Simple Favor,2018,3.5,FALSE,FALSE,FALSE,FALSE
A Simple Plan,1998,4,FALSE,FALSE,FALSE,FALSE
A Special Day,1977,NULL,TRUE,FALSE,FALSE,FALSE
A Star Is Born,2018,3.5,FALSE,FALSE,FALSE,TRUE
A Woman Under the Influence,1974,NULL,TRUE,FALSE,FALSE,FALSE
Abigail,2024,2.5,FALSE,FALSE,FALSE,FALSE
About Time,2013,4,FALSE,FALSE,TRUE,TRUE
Ace in the Hole,1951,NULL,TRUE,FALSE,FALSE,FALSE
Addams Family Values,1993,4,FALSE,FALSE,FALSE,FALSE
Aftersun,2022,4.5,FALSE,FALSE,TRUE,TRUE
Air,2023,4,FALSE,FALSE,FALSE,FALSE
Airplane!,1980,3.5,FALSE,FALSE,FALSE,FALSE
Akira,1988,NULL,TRUE,FALSE,TRUE,FALSE
Aladdin,1992,4,FALSE,FALSE,FALSE,TRUE
Aladdin,2019,3,FALSE,FALSE,FALSE,FALSE
"Alexander and the Terrible, Horrible, No Good, Very Bad Day",2014,3,FALSE,FALSE,FALSE,FALSE
Alice in Wonderland,1951,3,FALSE,FALSE,FALSE,TRUE
Alice in Wonderland,2010,3,FALSE,FALSE,FALSE,TRUE
Alien,1979,4.5,TRUE,TRUE,TRUE,TRUE
Alien: Covenant,2017,3,FALSE,FALSE,FALSE,FALSE
Alien: Romulus,2024,4,FALSE,FALSE,FALSE,TRUE
Aliens,1986,4.5,FALSE,TRUE,FALSE,TRUE
Alita: Battle Angel,2019,3,FALSE,FALSE,FALSE,FALSE
All About Eve,1950,NULL,TRUE,TRUE,FALSE,FALSE
All About Lily Chou-Chou,2001,NULL,FALSE,FALSE,TRUE,FALSE
All of Us Strangers,2023,4,FALSE,FALSE,FALSE,FALSE
All Quiet on the Western Front,2022,NULL,FALSE,FALSE,FALSE,TRUE
All That Jazz,1979,NULL,TRUE,FALSE,FALSE,FALSE
All the President's Men,1976,4,FALSE,FALSE,FALSE,FALSE
Allegiant,2016,2,FALSE,FALSE,FALSE,FALSE
Almost Famous,2000,3.5,FALSE,FALSE,TRUE,FALSE
Alvin and the Chipmunks,2007,2.5,FALSE,FALSE,FALSE,FALSE
Alvin and the Chipmunks: Chipwrecked,2011,1,FALSE,FALSE,FALSE,FALSE
Alvin and the Chipmunks: The Road Chip,2015,1.5,FALSE,FALSE,FALSE,FALSE
Alvin and the Chipmunks: The Squeakquel,2009,2,FALSE,FALSE,FALSE,FALSE
Amadeus,1984,4.5,TRUE,TRUE,TRUE,FALSE
American Beauty,1999,4,FALSE,TRUE,TRUE,TRUE
American Fiction,2023,3.5,FALSE,FALSE,FALSE,FALSE
American Gangster,2007,4,FALSE,FALSE,FALSE,FALSE
American History X,1998,4.5,FALSE,TRUE,FALSE,TRUE
American Hustle,2013,3,FALSE,FALSE,FALSE,FALSE
American Psycho,2000,3.5,FALSE,FALSE,TRUE,TRUE
Am?lie,2001,4,FALSE,FALSE,FALSE,FALSE
An Autumn Afternoon,1962,NULL,TRUE,FALSE,FALSE,FALSE
An Elephant Sitting Still,2018,NULL,TRUE,FALSE,FALSE,FALSE
Anastasia,1997,3,FALSE,FALSE,FALSE,FALSE
Anatomy of a Fall,2023,4,FALSE,FALSE,FALSE,TRUE
Anatomy of a Murder,1959,3.5,TRUE,FALSE,FALSE,FALSE
Anchorman: The Legend of Ron Burgundy,2004,3.5,FALSE,FALSE,FALSE,FALSE
Andrei Rublev,1966,NULL,TRUE,FALSE,FALSE,FALSE
Annie,1982,2.5,FALSE,FALSE,FALSE,FALSE
Annihilation,2018,4,FALSE,FALSE,FALSE,TRUE
Anora,2024,4,FALSE,FALSE,TRUE,TRUE
Another Round,2020,4,FALSE,FALSE,FALSE,FALSE
Ant-Man,2015,3.5,FALSE,FALSE,FALSE,TRUE
Ant-Man and the Wasp,2018,2.5,FALSE,FALSE,FALSE,TRUE
Ant-Man and the Wasp: Quantumania,2023,2,FALSE,FALSE,FALSE,TRUE
Anyone But You,2023,3.5,FALSE,FALSE,FALSE,TRUE
Aparajito,1956,NULL,TRUE,FALSE,FALSE,FALSE
Apocalypse Now,1979,4.5,TRUE,TRUE,TRUE,TRUE
Apocalypto,2006,4.5,FALSE,FALSE,FALSE,FALSE
Apollo 13,1995,3.5,FALSE,FALSE,FALSE,FALSE
Apur Sansar,1959,NULL,TRUE,FALSE,FALSE,FALSE
Aquaman,2018,2.5,FALSE,FALSE,FALSE,TRUE
Argo,2012,3.5,FALSE,FALSE,FALSE,FALSE
Army of Shadows,1969,NULL,TRUE,FALSE,FALSE,FALSE
Arrival,2016,5,FALSE,FALSE,TRUE,TRUE
As Good as It Gets,1997,3.5,FALSE,FALSE,FALSE,FALSE
Asteroid City,2023,NULL,FALSE,FALSE,FALSE,TRUE
Atlantis: The Lost Empire,2001,3.5,FALSE,FALSE,FALSE,FALSE
Atonement,2007,3.5,FALSE,FALSE,FALSE,FALSE
Autumn Sonata,1978,NULL,TRUE,TRUE,FALSE,FALSE
Avatar,2009,4,FALSE,FALSE,TRUE,TRUE
Avatar: The Way of Water,2022,4,FALSE,FALSE,FALSE,TRUE
Avengers: Age of Ultron,2015,3,FALSE,FALSE,FALSE,TRUE
Avengers: Endgame,2019,4.5,FALSE,TRUE,TRUE,TRUE
Avengers: Infinity War,2018,5,FALSE,TRUE,TRUE,TRUE
Azur & Asmar: The Princes' Quest,2006,NULL,TRUE,FALSE,FALSE,FALSE
Baby Driver,2017,4.5,FALSE,FALSE,TRUE,TRUE
Babylon,2022,NULL,FALSE,FALSE,TRUE,TRUE
Back to the Future,1985,5,FALSE,TRUE,TRUE,TRUE
Back to the Future Part II,1989,3.5,FALSE,FALSE,FALSE,TRUE
Back to the Future Part III,1990,3,FALSE,FALSE,FALSE,TRUE
Bad Boys,1995,3,FALSE,FALSE,FALSE,FALSE
Bad Boys II,2003,3,FALSE,FALSE,FALSE,FALSE
Bad Times at the El Royale,2018,3.5,FALSE,FALSE,FALSE,FALSE
Ballerina,2025,4,FALSE,FALSE,FALSE,FALSE
Bambi,1942,3,FALSE,FALSE,FALSE,FALSE
Bao,2018,3.5,FALSE,FALSE,FALSE,FALSE
Barbarian,2022,3.5,FALSE,FALSE,FALSE,TRUE
Barbie,2023,4,FALSE,FALSE,TRUE,TRUE
Barry Lyndon,1975,NULL,TRUE,TRUE,FALSE,FALSE
Batman Begins,2005,4,FALSE,TRUE,FALSE,TRUE
Batman v Superman: Dawn of Justice,2016,3,FALSE,FALSE,FALSE,TRUE
Beautiful Boy,2018,NULL,FALSE,FALSE,TRUE,TRUE
Beauty and the Beast,1991,4,FALSE,FALSE,FALSE,TRUE
Beauty and the Beast,2017,3,FALSE,FALSE,FALSE,TRUE
Bedtime Stories,2008,2.5,FALSE,FALSE,FALSE,FALSE
Bee Movie,2007,2,FALSE,FALSE,FALSE,TRUE
BEEF,2023,4.5,FALSE,FALSE,FALSE,FALSE
Beetlejuice,1988,NULL,FALSE,FALSE,FALSE,TRUE
Beetlejuice Beetlejuice,2024,NULL,FALSE,FALSE,FALSE,TRUE
Before Sunrise,1995,NULL,TRUE,TRUE,TRUE,TRUE
Before Sunset,2004,NULL,TRUE,TRUE,TRUE,FALSE
Before the Devil Knows You're Dead,2007,3.5,FALSE,FALSE,FALSE,FALSE
Being John Malkovich,1999,4,FALSE,FALSE,FALSE,FALSE
Ben-Hur,1959,NULL,FALSE,TRUE,FALSE,FALSE
Bicycle Thieves,1948,NULL,TRUE,TRUE,FALSE,FALSE
Big,1988,4,FALSE,FALSE,FALSE,FALSE
Big Hero 6,2014,3.5,FALSE,FALSE,FALSE,TRUE
Big Little Lies,2017,4,FALSE,FALSE,FALSE,FALSE
Bill & Ted Face the Music,2020,3,FALSE,FALSE,FALSE,FALSE
Bill & Ted's Excellent Adventure,1989,4,FALSE,FALSE,FALSE,FALSE
Bird Box,2018,NULL,FALSE,FALSE,FALSE,TRUE
Birdman or (The Unexpected Virtue of Ignorance),2014,4,FALSE,FALSE,FALSE,TRUE
Birds of Prey (and the Fantabulous Emancipation of One Harley Quinn),2020,2,FALSE,FALSE,FALSE,TRUE
Black Adam,2022,2.5,FALSE,FALSE,FALSE,FALSE
Black Bag,2025,4,FALSE,FALSE,FALSE,FALSE
Black Mirror: Bandersnatch,2018,3.5,FALSE,FALSE,FALSE,FALSE
Black Mirror: San Junipero,2016,4.5,FALSE,FALSE,FALSE,FALSE
Black Panther,2018,3.5,FALSE,FALSE,FALSE,TRUE
Black Panther: Wakanda Forever,2022,3.5,FALSE,FALSE,FALSE,TRUE
Black Swan,2010,4.5,FALSE,FALSE,TRUE,TRUE
Black Widow,2021,2.5,FALSE,FALSE,FALSE,TRUE
BlackBerry,2023,4,FALSE,FALSE,FALSE,FALSE
BlacKkKlansman,2018,3.5,FALSE,FALSE,FALSE,TRUE
Blade,1998,3.5,FALSE,FALSE,FALSE,FALSE
Blade II,2002,3.5,FALSE,FALSE,FALSE,FALSE
Blade Runner,1982,4.5,FALSE,TRUE,TRUE,TRUE
Blade Runner 2049,2017,4.5,FALSE,FALSE,TRUE,TRUE
Blended,2014,3,FALSE,FALSE,FALSE,FALSE
Blink Twice,2024,3,FALSE,FALSE,FALSE,FALSE
Blood Diamond,2006,4,FALSE,FALSE,FALSE,FALSE
Blood Simple,1984,3.5,FALSE,FALSE,FALSE,FALSE
Blow Out,1981,3.5,FALSE,FALSE,FALSE,FALSE
Blue Velvet,1986,3,FALSE,FALSE,TRUE,FALSE
Bo Burnham: Inside,2021,5,FALSE,FALSE,FALSE,FALSE
Bodies Bodies Bodies,2022,3.5,FALSE,FALSE,FALSE,TRUE
Bohemian Rhapsody,2018,3.5,FALSE,FALSE,FALSE,TRUE
Bolt,2008,3.5,FALSE,FALSE,FALSE,TRUE
Bones and All,2022,4,FALSE,FALSE,TRUE,TRUE
Bonnie and Clyde,1967,4.5,FALSE,FALSE,FALSE,FALSE
Booksmart,2019,3.5,FALSE,FALSE,FALSE,TRUE
Borat: Cultural Learnings of America for Make Benefit Glorious Nation of Kazakhstan,2006,NULL,FALSE,FALSE,FALSE,TRUE
Bottle Rocket,1996,3.5,FALSE,FALSE,FALSE,FALSE
Bottoms,2023,3.5,FALSE,FALSE,TRUE,TRUE
Boyhood,2014,3.5,FALSE,FALSE,FALSE,FALSE
Brave,2012,3,FALSE,FALSE,FALSE,TRUE
Braveheart,1995,3.5,FALSE,TRUE,FALSE,FALSE
Brick,2005,4.5,FALSE,FALSE,FALSE,FALSE
Bridesmaids,2011,3.5,FALSE,FALSE,FALSE,FALSE
Bridge of Spies,2015,3.5,FALSE,FALSE,FALSE,FALSE
Bridge to Terabithia,2007,3,FALSE,FALSE,FALSE,FALSE
Bridget Jones's Diary,2001,NULL,FALSE,FALSE,FALSE,TRUE
Brief Encounter,1945,NULL,TRUE,FALSE,FALSE,FALSE
Brokeback Mountain,2005,4.5,FALSE,FALSE,TRUE,TRUE
Brooklyn,2015,3.5,FALSE,FALSE,FALSE,FALSE
Brother Bear,2003,3.5,FALSE,FALSE,FALSE,FALSE
Bruce Almighty,2003,3,FALSE,FALSE,FALSE,FALSE
Bullet Train,2022,4,FALSE,FALSE,FALSE,TRUE
Bumblebee,2018,3.5,FALSE,FALSE,FALSE,FALSE
Burn After Reading,2008,3.5,FALSE,FALSE,FALSE,FALSE
Burning,2018,3,FALSE,FALSE,FALSE,FALSE
But I'm a Cheerleader,1999,NULL,FALSE,FALSE,TRUE,FALSE
Butch Cassidy and the Sundance Kid,1969,4,FALSE,FALSE,FALSE,FALSE
Caddo Lake,2024,3.5,FALSE,FALSE,FALSE,FALSE
Call Me by Your Name,2017,4.5,FALSE,FALSE,TRUE,TRUE
Camp Rock,2008,2,FALSE,FALSE,FALSE,FALSE
Camp Rock 2: The Final Jam,2010,2,FALSE,FALSE,FALSE,FALSE
Can You Ever Forgive Me?,2018,3,FALSE,FALSE,FALSE,FALSE
Cape Fear,1991,4,FALSE,FALSE,FALSE,FALSE
Capernaum,2018,NULL,FALSE,TRUE,FALSE,FALSE
Captain America: Brave New World,2025,2.5,FALSE,FALSE,FALSE,FALSE
Captain America: Civil War,2016,4.5,FALSE,FALSE,FALSE,TRUE
Captain America: The First Avenger,2011,3,FALSE,FALSE,FALSE,TRUE
Captain America: The Winter Soldier,2014,4.5,FALSE,FALSE,FALSE,TRUE
Captain Fantastic,2016,4,FALSE,FALSE,FALSE,FALSE
Captain Marvel,2019,1.5,FALSE,FALSE,FALSE,TRUE
Captain Phillips,2013,4,FALSE,FALSE,FALSE,FALSE
Captain Underpants: The First Epic Movie,2017,3,FALSE,FALSE,FALSE,FALSE
Carol,2015,NULL,FALSE,FALSE,TRUE,FALSE
Carrie,1976,NULL,FALSE,FALSE,FALSE,TRUE
Carry-On,2024,3,FALSE,FALSE,FALSE,FALSE
Cars,2006,4,FALSE,FALSE,TRUE,TRUE
Cars 2,2011,2,FALSE,FALSE,FALSE,TRUE
Cars 3,2017,2.5,FALSE,FALSE,FALSE,FALSE
Casablanca,1942,4.5,TRUE,TRUE,TRUE,FALSE
Casino,1995,3.5,FALSE,TRUE,FALSE,FALSE
Casino Royale,2006,4,FALSE,FALSE,FALSE,TRUE
Cast Away,2000,NULL,FALSE,FALSE,FALSE,TRUE
Castle in the Sky,1986,4,FALSE,FALSE,FALSE,FALSE
Catch Me If You Can,2002,4,FALSE,TRUE,TRUE,TRUE
Central Intelligence,2016,2.5,FALSE,FALSE,FALSE,FALSE
Central Station,1998,NULL,TRUE,FALSE,FALSE,FALSE
Challengers,2024,4,FALSE,FALSE,TRUE,TRUE
Charlie and the Chocolate Factory,2005,3.5,FALSE,FALSE,FALSE,TRUE
Charlotte's Web,2006,3,FALSE,FALSE,FALSE,FALSE
Cheaper by the Dozen,2003,3.5,FALSE,FALSE,FALSE,FALSE
Cheaper by the Dozen 2,2005,2.5,FALSE,FALSE,FALSE,FALSE
Chernobyl,2019,5,FALSE,FALSE,FALSE,FALSE
Chicken Little,2005,3,FALSE,FALSE,FALSE,FALSE
Chicken Run,2000,3,FALSE,FALSE,FALSE,FALSE
Children of Heaven,1997,NULL,FALSE,TRUE,FALSE,FALSE
Children of Men,2006,5,TRUE,FALSE,TRUE,FALSE
Children of Paradise,1945,NULL,TRUE,FALSE,FALSE,FALSE
Chinatown,1974,3.5,TRUE,TRUE,FALSE,FALSE
Chronicle,2012,4,FALSE,FALSE,FALSE,FALSE
Chungking Express,1994,NULL,TRUE,FALSE,TRUE,FALSE
Cinderella,1950,3.5,FALSE,FALSE,FALSE,FALSE
Cinema Paradiso,1988,NULL,TRUE,TRUE,TRUE,FALSE
Citizen Kane,1941,3,FALSE,TRUE,FALSE,FALSE
City Lights,1931,NULL,TRUE,TRUE,FALSE,FALSE
City of God,2002,5,TRUE,TRUE,TRUE,TRUE
Civil War,2024,4,FALSE,FALSE,FALSE,TRUE
Click,2006,NULL,FALSE,FALSE,FALSE,TRUE
Close Encounters of the Third Kind,1977,3.5,FALSE,FALSE,FALSE,FALSE
Closer,2004,2.5,FALSE,FALSE,FALSE,FALSE
Close-Up,1990,NULL,TRUE,FALSE,FALSE,FALSE
Cloudy with a Chance of Meatballs,2009,3.5,FALSE,FALSE,FALSE,TRUE
Cloudy with a Chance of Meatballs 2,2013,3,FALSE,FALSE,FALSE,FALSE
Cloverfield,2008,3.5,FALSE,FALSE,FALSE,FALSE
Clue,1985,3.5,FALSE,FALSE,FALSE,FALSE
Clueless,1995,3.5,FALSE,FALSE,TRUE,TRUE
Cocaine Bear,2023,3,FALSE,FALSE,FALSE,FALSE
Coco,2017,4,FALSE,TRUE,TRUE,TRUE
Coherence,2013,4,FALSE,FALSE,FALSE,FALSE
Collateral,2004,4.5,FALSE,FALSE,FALSE,FALSE
Come and See,1985,NULL,TRUE,TRUE,FALSE,FALSE
Companion,2025,3.5,FALSE,FALSE,FALSE,TRUE
Con Air,1997,4,FALSE,FALSE,FALSE,FALSE
Conclave,2024,NULL,FALSE,FALSE,FALSE,TRUE
Constantine,2005,3,FALSE,FALSE,FALSE,FALSE
Cool Hand Luke,1967,4.5,FALSE,FALSE,FALSE,FALSE
Coraline,2009,NULL,FALSE,FALSE,TRUE,TRUE
Corpse Bride,2005,NULL,FALSE,FALSE,TRUE,TRUE
Cowboys & Aliens,2011,2.5,FALSE,FALSE,FALSE,FALSE
Crazy Rich Asians,2018,3,FALSE,FALSE,FALSE,TRUE
"Crazy, Stupid, Love.",2011,4,FALSE,FALSE,FALSE,TRUE
Creed,2015,4,FALSE,FALSE,FALSE,FALSE
Creed II,2018,4,FALSE,FALSE,FALSE,FALSE
Creed III,2023,3.5,FALSE,FALSE,FALSE,FALSE
Crimson Peak,2015,3.5,FALSE,FALSE,FALSE,FALSE
"Crouching Tiger, Hidden Dragon",2000,4,FALSE,FALSE,FALSE,FALSE
Cruella,2021,3.5,FALSE,FALSE,FALSE,TRUE
Cuckoo,2024,3,FALSE,FALSE,FALSE,FALSE
Cure,1997,NULL,TRUE,FALSE,FALSE,FALSE
Curious George,2006,3.5,FALSE,FALSE,FALSE,FALSE
Daddy Day Care,2003,3,FALSE,FALSE,FALSE,FALSE
Daddy's Home,2015,2.5,FALSE,FALSE,FALSE,FALSE
Dallas Buyers Club,2013,4,FALSE,FALSE,FALSE,FALSE
Dangal,2016,NULL,FALSE,TRUE,FALSE,FALSE
Dark Waters,2019,4,FALSE,FALSE,FALSE,FALSE
Darkest Hour,2017,3.5,FALSE,FALSE,FALSE,FALSE
Das Boot,1981,NULL,TRUE,TRUE,FALSE,FALSE
Date Night,2010,3,FALSE,FALSE,FALSE,FALSE
Dave,1993,3.5,FALSE,FALSE,FALSE,FALSE
Dawn of the Planet of the Apes,2014,4,FALSE,FALSE,FALSE,TRUE
Day Shift,2022,2.5,FALSE,FALSE,FALSE,FALSE
Dazed and Confused,1993,NULL,FALSE,FALSE,TRUE,FALSE
DC League of Super-Pets,2022,2.5,FALSE,FALSE,FALSE,FALSE
Dead Poets Society,1989,4,TRUE,TRUE,TRUE,TRUE
Deadpool,2016,4,FALSE,FALSE,FALSE,TRUE
Deadpool & Wolverine,2024,4,FALSE,FALSE,FALSE,TRUE
Deadpool 2,2018,3.5,FALSE,FALSE,FALSE,TRUE
Death at a Funeral,2007,4.5,FALSE,FALSE,FALSE,FALSE
Death on the Nile,2022,3,FALSE,FALSE,FALSE,FALSE
Decision to Leave,2022,4,FALSE,FALSE,FALSE,FALSE
"Definitely, Maybe",2008,3.5,FALSE,FALSE,FALSE,FALSE
Demon Slayer -Kimetsu no Yaiba- The Movie: Mugen Train,2020,4,FALSE,TRUE,FALSE,FALSE
Dersu Uzala,1975,NULL,TRUE,FALSE,FALSE,FALSE
Despicable Me,2010,3.5,FALSE,FALSE,FALSE,TRUE
Despicable Me 2,2013,3.5,FALSE,FALSE,FALSE,TRUE
Despicable Me 3,2017,2.5,FALSE,FALSE,FALSE,FALSE
Despicable Me 4,2024,3,FALSE,FALSE,FALSE,FALSE
Devil,2010,3,FALSE,FALSE,FALSE,FALSE
Dial M for Murder,1954,4,FALSE,TRUE,FALSE,FALSE
Diary of a Wimpy Kid,2010,3.5,FALSE,FALSE,FALSE,FALSE
Diary of a Wimpy Kid: Dog Days,2012,3.5,FALSE,FALSE,FALSE,FALSE
Diary of a Wimpy Kid: Rodrick Rules,2011,4,FALSE,FALSE,FALSE,FALSE
Die Hard,1988,4.5,FALSE,TRUE,FALSE,TRUE
Die Hard With a Vengeance,1995,4,FALSE,FALSE,FALSE,FALSE
Dirty Dancing,1987,NULL,FALSE,FALSE,TRUE,TRUE
Dirty Harry,1971,3.5,FALSE,FALSE,FALSE,FALSE
Divergent,2014,3,FALSE,FALSE,FALSE,TRUE
D?j? Vu,2006,3.5,FALSE,FALSE,FALSE,FALSE
Django Unchained,2012,4.5,TRUE,TRUE,TRUE,TRUE
Do Revenge,2022,2.5,FALSE,FALSE,FALSE,FALSE
Do the Right Thing,1989,NULL,TRUE,FALSE,FALSE,FALSE
Doctor Sleep,2019,3.5,FALSE,FALSE,FALSE,FALSE
Doctor Strange,2016,3.5,FALSE,FALSE,FALSE,TRUE
Doctor Strange in the Multiverse of Madness,2022,3,FALSE,FALSE,FALSE,TRUE
Dog Day Afternoon,1975,NULL,TRUE,FALSE,FALSE,FALSE
Donnie Darko,2001,5,FALSE,FALSE,TRUE,TRUE
Don't Breathe,2016,3.5,FALSE,FALSE,FALSE,FALSE
Don't Look Up,2021,3,FALSE,FALSE,FALSE,TRUE
Don't Worry Darling,2022,3,FALSE,FALSE,FALSE,TRUE
Dope,2015,3.5,FALSE,FALSE,FALSE,FALSE
Double Indemnity,1944,3.5,TRUE,TRUE,FALSE,FALSE
Downfall,2004,NULL,FALSE,TRUE,FALSE,FALSE
Dr. Strangelove or: How I Learned to Stop Worrying and Love the Bomb,1964,4,TRUE,TRUE,FALSE,FALSE
Dream Scenario,2023,4,FALSE,FALSE,FALSE,FALSE
Drishyam,2015,NULL,FALSE,TRUE,FALSE,FALSE
Drive,2011,4,FALSE,FALSE,TRUE,TRUE
Driving Miss Daisy,1989,3.5,FALSE,FALSE,FALSE,FALSE
Drop,2025,2.5,FALSE,FALSE,FALSE,FALSE
Dumb Money,2023,3.5,FALSE,FALSE,FALSE,FALSE
Dune,2021,4.5,FALSE,FALSE,TRUE,TRUE
Dune: Part Two,2024,4.5,TRUE,TRUE,TRUE,TRUE
Dungeons & Dragons: Honor Among Thieves,2023,3.5,FALSE,FALSE,FALSE,FALSE
Dunkirk,2017,4,FALSE,FALSE,FALSE,TRUE
E.T. the Extra-Terrestrial,1982,4,FALSE,FALSE,FALSE,TRUE
Eastern Promises,2007,4.5,FALSE,FALSE,FALSE,FALSE
Easy A,2010,3.5,FALSE,FALSE,FALSE,TRUE
Eddie the Eagle,2015,3.5,FALSE,FALSE,FALSE,FALSE
Edge of Tomorrow,2014,4,FALSE,FALSE,FALSE,TRUE
Edward Scissorhands,1990,NULL,FALSE,FALSE,TRUE,TRUE
Eighth Grade,2018,3.5,FALSE,FALSE,FALSE,FALSE
El Camino: A Breaking Bad Movie,2019,4,FALSE,FALSE,FALSE,FALSE
Elemental,2023,3.5,FALSE,FALSE,FALSE,TRUE
Elf,2003,4,FALSE,FALSE,FALSE,TRUE
Elio,2025,4,FALSE,FALSE,FALSE,FALSE
Elvis,2022,NULL,FALSE,FALSE,FALSE,TRUE
Encanto,2021,3.5,FALSE,FALSE,FALSE,TRUE
Enchanted,2007,3,FALSE,FALSE,FALSE,TRUE
End of Watch,2012,3.5,FALSE,FALSE,FALSE,FALSE
Enemy,2013,3.5,FALSE,FALSE,FALSE,FALSE
Enola Holmes,2020,3,FALSE,FALSE,FALSE,TRUE
Enter the Dragon,1973,4,FALSE,FALSE,FALSE,FALSE
Epic,2013,2,FALSE,FALSE,FALSE,FALSE
Escape from New York,1981,4,FALSE,FALSE,FALSE,FALSE
Escape Room,2019,2.5,FALSE,FALSE,FALSE,FALSE
Eternal Sunshine of the Spotless Mind,2004,4,TRUE,TRUE,TRUE,TRUE
Eternals,2021,2,FALSE,FALSE,FALSE,TRUE
Eternity and a Day,1998,NULL,TRUE,FALSE,FALSE,FALSE
Evan Almighty,2007,2.5,FALSE,FALSE,FALSE,FALSE
Evangelion: 3.0+1.0 Thrice Upon a Time,2021,NULL,TRUE,FALSE,FALSE,FALSE
Everybody Wants Some!!,2016,4,FALSE,FALSE,FALSE,FALSE
Everything Everywhere All at Once,2022,4.5,TRUE,FALSE,TRUE,TRUE
Everything Must Go,2010,3,FALSE,FALSE,FALSE,FALSE
Evil Dead Rise,2023,3,FALSE,FALSE,FALSE,FALSE
Ex Machina,2015,4.5,FALSE,FALSE,FALSE,TRUE
Extraction,2020,3.5,FALSE,FALSE,FALSE,FALSE
Extraction 2,2023,3.5,FALSE,FALSE,FALSE,FALSE
Eyes Wide Shut,1999,3.5,FALSE,FALSE,TRUE,TRUE
Face/Off,1997,3.5,FALSE,FALSE,FALSE,FALSE
Fail Safe,1964,NULL,TRUE,FALSE,FALSE,FALSE
Fall,2022,3,FALSE,FALSE,FALSE,FALSE
Fallen,1998,3,FALSE,FALSE,FALSE,FALSE
Fallen Angels,1995,NULL,FALSE,FALSE,TRUE,FALSE
Family Switch,2023,2,FALSE,FALSE,FALSE,FALSE
Fanny and Alexander,1982,NULL,TRUE,FALSE,FALSE,FALSE
Fantastic Beasts and Where to Find Them,2016,3,FALSE,FALSE,FALSE,TRUE
Fantastic Four,2005,2.5,FALSE,FALSE,FALSE,FALSE
Fantastic Four,2015,1.5,FALSE,FALSE,FALSE,FALSE
Fantastic Four: Rise of the Silver Surfer,2007,2,FALSE,FALSE,FALSE,FALSE
Fantastic Mr. Fox,2009,NULL,TRUE,FALSE,TRUE,TRUE
Farewell My Concubine,1993,NULL,TRUE,FALSE,FALSE,FALSE
Fargo,1996,5,FALSE,TRUE,FALSE,TRUE
Fast & Furious Presents: Hobbs & Shaw,2019,3,FALSE,FALSE,FALSE,FALSE
Fast Five,2011,3.5,FALSE,FALSE,FALSE,FALSE
Father of the Bride,1991,3.5,FALSE,FALSE,FALSE,FALSE
Fear Street: 1666,2021,3,FALSE,FALSE,FALSE,FALSE
Fear Street: 1978,2021,3,FALSE,FALSE,FALSE,FALSE
Fear Street: 1994,2021,2.5,FALSE,FALSE,FALSE,FALSE
Fences,2016,3.5,FALSE,FALSE,FALSE,FALSE
Ferdinand,2017,2.5,FALSE,FALSE,FALSE,FALSE
Ferris Bueller's Day Off,1986,4.5,FALSE,FALSE,TRUE,TRUE
Fight Club,1999,5,TRUE,TRUE,TRUE,TRUE
Final Destination,2000,3,FALSE,FALSE,FALSE,TRUE
Final Destination 2,2003,2.5,FALSE,FALSE,FALSE,FALSE
Final Destination 3,2006,3.5,FALSE,FALSE,FALSE,FALSE
Finding Dory,2016,3,FALSE,FALSE,FALSE,TRUE
Finding Nemo,2003,4.5,FALSE,TRUE,FALSE,TRUE
First Man,2018,3,FALSE,FALSE,FALSE,FALSE
First Reformed,2017,3,FALSE,FALSE,FALSE,FALSE
Five Nights at Freddy's,2023,2.5,FALSE,FALSE,FALSE,TRUE
Flushed Away,2006,2.5,FALSE,FALSE,FALSE,FALSE
For a Few Dollars More,1965,3.5,FALSE,TRUE,FALSE,FALSE
Ford v Ferrari,2019,4,FALSE,TRUE,FALSE,TRUE
Forgetting Sarah Marshall,2008,3.5,FALSE,FALSE,FALSE,FALSE
Forrest Gump,1994,5,FALSE,TRUE,TRUE,TRUE
Four Weddings and a Funeral,1994,3.5,FALSE,FALSE,FALSE,FALSE
Fracture,2007,3.5,FALSE,FALSE,FALSE,FALSE
Frances Ha,2012,NULL,FALSE,FALSE,TRUE,FALSE
Freaky,2020,2.5,FALSE,FALSE,FALSE,FALSE
Freaky Friday,2003,3.5,FALSE,FALSE,FALSE,TRUE
Free Birds,2013,2,FALSE,FALSE,FALSE,FALSE
Free Guy,2021,3.5,FALSE,FALSE,FALSE,TRUE
Free Solo,2018,4.5,FALSE,FALSE,FALSE,FALSE
Fresh,2022,3,FALSE,FALSE,FALSE,FALSE
Friday,1995,3.5,FALSE,FALSE,FALSE,FALSE
Fright Night,1985,3.5,FALSE,FALSE,FALSE,FALSE
From Dusk Till Dawn,1996,3.5,FALSE,FALSE,FALSE,FALSE
Frozen,2013,4,FALSE,FALSE,FALSE,TRUE
Frozen II,2019,3,FALSE,FALSE,FALSE,TRUE
Full Metal Jacket,1987,4,FALSE,TRUE,FALSE,TRUE
Funeral Parade of Roses,1969,NULL,TRUE,FALSE,FALSE,FALSE
Funny Games,2007,3,FALSE,FALSE,FALSE,FALSE
Furiosa: A Mad Max Saga,2024,4,FALSE,FALSE,FALSE,TRUE
Game Night,2018,3.5,FALSE,FALSE,FALSE,FALSE
Gangs of New York,2002,3.5,FALSE,FALSE,FALSE,FALSE
Gangs of Wasseypur ? Part 1,2012,NULL,FALSE,FALSE,FALSE,FALSE
Garden State,2004,4.5,FALSE,FALSE,FALSE,FALSE
Gattaca,1997,3.5,FALSE,FALSE,FALSE,FALSE
Get Out,2017,4.5,FALSE,FALSE,TRUE,TRUE
G-Force,2009,1.5,FALSE,FALSE,FALSE,FALSE
Ghost,1990,3.5,FALSE,FALSE,FALSE,FALSE
Ghost in the Shell,1995,4,FALSE,FALSE,FALSE,FALSE
Ghostbusters,1984,4,FALSE,FALSE,FALSE,TRUE
Gifted,2017,3.5,FALSE,FALSE,FALSE,FALSE
"Girl, Interrupted",1999,NULL,FALSE,FALSE,TRUE,TRUE
Gladiator,2000,4.5,FALSE,TRUE,TRUE,TRUE
Gladiator II,2024,NULL,FALSE,FALSE,FALSE,TRUE
Glass,2019,2.5,FALSE,FALSE,FALSE,FALSE
Glass Onion,2022,4,FALSE,FALSE,FALSE,TRUE
Glengarry Glen Ross,1992,4.5,FALSE,FALSE,FALSE,FALSE
Glory,1989,4,FALSE,FALSE,FALSE,FALSE
Gnomeo & Juliet,2011,2.5,FALSE,FALSE,FALSE,FALSE
Godzilla,2014,3,FALSE,FALSE,FALSE,FALSE
Godzilla Minus One,2023,4.5,FALSE,FALSE,FALSE,FALSE
Godzilla vs. Kong,2021,3,FALSE,FALSE,FALSE,FALSE
Godzilla: King of the Monsters,2019,2,FALSE,FALSE,FALSE,FALSE
Going in Style,2017,3,FALSE,FALSE,FALSE,FALSE
Gone Baby Gone,2007,3.5,FALSE,FALSE,FALSE,FALSE
Gone Girl,2014,4.5,FALSE,TRUE,TRUE,TRUE
Gone with the Wind,1939,NULL,FALSE,TRUE,FALSE,FALSE
Good Boys,2019,3,FALSE,FALSE,FALSE,FALSE
Good Time,2017,3.5,FALSE,FALSE,FALSE,FALSE
Good Will Hunting,1997,5,TRUE,TRUE,TRUE,TRUE
GoodFellas,1990,4.5,TRUE,TRUE,TRUE,TRUE
Goosebumps,2015,3,FALSE,FALSE,FALSE,FALSE
Gran Torino,2008,NULL,FALSE,TRUE,FALSE,FALSE
Gran Turismo,2023,3.5,FALSE,FALSE,FALSE,FALSE
Grave of the Fireflies,1988,NULL,TRUE,TRUE,TRUE,TRUE
Gravity,2013,3.5,FALSE,FALSE,FALSE,TRUE
Grease,1978,3,FALSE,FALSE,FALSE,TRUE
Green Book,2018,3.5,FALSE,TRUE,FALSE,TRUE
Green Lantern,2011,1.5,FALSE,FALSE,FALSE,FALSE
Green Room,2015,4,FALSE,FALSE,FALSE,FALSE
Gremlins,1984,3.5,FALSE,FALSE,FALSE,FALSE
Groundhog Day,1993,4,FALSE,TRUE,FALSE,TRUE
Grown Ups,2010,2.5,FALSE,FALSE,FALSE,TRUE
Grown Ups 2,2013,2,FALSE,FALSE,FALSE,FALSE
Guardians of the Galaxy,2014,4.5,FALSE,FALSE,FALSE,TRUE
Guardians of the Galaxy Vol. 2,2017,3,FALSE,FALSE,FALSE,TRUE
Guardians of the Galaxy Vol. 3,2023,4.5,FALSE,FALSE,FALSE,TRUE
Hachi: A Dog's Tale,2009,4,FALSE,TRUE,FALSE,FALSE
Hacksaw Ridge,2016,4.5,FALSE,TRUE,FALSE,TRUE
Halloween,1978,4.5,FALSE,FALSE,TRUE,TRUE
Halloween,2018,3,FALSE,FALSE,FALSE,FALSE
Hamilton,2020,4,FALSE,TRUE,FALSE,FALSE
Hancock,2008,2.5,FALSE,FALSE,FALSE,FALSE
Hannah Montana: The Movie,2009,2.5,FALSE,FALSE,FALSE,FALSE
Happy Death Day,2017,3.5,FALSE,FALSE,FALSE,FALSE
Happy Death Day 2U,2019,2.5,FALSE,FALSE,FALSE,FALSE
Happy Feet,2006,2.5,FALSE,FALSE,FALSE,FALSE
Happy Gilmore,1996,3,FALSE,FALSE,FALSE,FALSE
Harakiri,1962,NULL,TRUE,TRUE,FALSE,FALSE
Harry Potter and the Chamber of Secrets,2002,3,FALSE,FALSE,FALSE,TRUE
Harry Potter and the Deathly Hallows: Part 1,2010,4,FALSE,FALSE,FALSE,TRUE
Harry Potter and the Deathly Hallows: Part 2,2011,4.5,FALSE,TRUE,FALSE,TRUE
Harry Potter and the Goblet of Fire,2005,4,FALSE,FALSE,FALSE,TRUE
Harry Potter and the Half-Blood Prince,2009,4,FALSE,FALSE,FALSE,TRUE
Harry Potter and the Order of the Phoenix,2007,4,FALSE,FALSE,FALSE,TRUE
Harry Potter and the Philosopher's Stone,2001,3.5,FALSE,FALSE,FALSE,TRUE
Harry Potter and the Prisoner of Azkaban,2004,4.5,FALSE,FALSE,TRUE,TRUE
Haunted Mansion,2023,2,FALSE,FALSE,FALSE,FALSE
Hawkeye,2021,3,FALSE,FALSE,FALSE,FALSE
Heart Eyes,2025,3,FALSE,FALSE,FALSE,FALSE
Heat,1995,4.5,TRUE,TRUE,TRUE,TRUE
Heathers,1989,3.5,FALSE,FALSE,TRUE,FALSE
Heist,2001,3,FALSE,FALSE,FALSE,FALSE
Hell or High Water,2016,4,FALSE,FALSE,FALSE,FALSE
Hellboy,2004,3.5,FALSE,FALSE,FALSE,FALSE
Hellboy II: The Golden Army,2008,3.5,FALSE,FALSE,FALSE,FALSE
Her,2013,5,FALSE,FALSE,TRUE,TRUE
Hercules,1997,3.5,FALSE,FALSE,FALSE,TRUE
Here Comes the Boom,2012,3,FALSE,FALSE,FALSE,FALSE
Hereditary,2018,4.5,FALSE,FALSE,TRUE,TRUE
Heretic,2024,4,FALSE,FALSE,FALSE,TRUE
Hero,2002,3.5,FALSE,FALSE,FALSE,FALSE
Hidden Figures,2016,3.5,FALSE,FALSE,FALSE,FALSE
High and Low,1963,NULL,TRUE,TRUE,FALSE,FALSE
High Fidelity,2000,4,FALSE,FALSE,FALSE,FALSE
High School Musical,2006,3,FALSE,FALSE,FALSE,TRUE
High School Musical 2,2007,3,FALSE,FALSE,FALSE,FALSE
High School Musical 3: Senior Year,2008,2.5,FALSE,FALSE,FALSE,FALSE
His House,2020,3.5,FALSE,FALSE,FALSE,FALSE
Hit Man,2023,4,FALSE,FALSE,FALSE,FALSE
Holes,2003,3.5,FALSE,FALSE,FALSE,FALSE
Hollow Man,2000,2.5,FALSE,FALSE,FALSE,FALSE
Home,2015,2.5,FALSE,FALSE,FALSE,FALSE
Home Alone,1990,4.5,FALSE,FALSE,FALSE,TRUE
Home Alone 2: Lost in New York,1992,3.5,FALSE,FALSE,FALSE,TRUE
Home Alone 3,1997,2.5,FALSE,FALSE,FALSE,FALSE
Home Sweet Home Alone,2021,1.5,FALSE,FALSE,FALSE,FALSE
Hoodwinked!,2005,3,FALSE,FALSE,FALSE,FALSE
Horrible Bosses,2011,3,FALSE,FALSE,FALSE,FALSE
Horrible Bosses 2,2014,3,FALSE,FALSE,FALSE,FALSE
Horton Hears a Who!,2008,3,FALSE,FALSE,FALSE,FALSE
Hot Fuzz,2007,4,FALSE,FALSE,TRUE,TRUE
Hot Rod,2007,3,FALSE,FALSE,FALSE,FALSE
Hotel Rwanda,2004,4,FALSE,TRUE,FALSE,FALSE
Hotel Transylvania,2012,3,FALSE,FALSE,FALSE,TRUE
Hotel Transylvania 2,2015,3,FALSE,FALSE,FALSE,FALSE
House at the End of the Street,2012,1.5,FALSE,FALSE,FALSE,FALSE
How the Grinch Stole Christmas,2000,2.5,FALSE,FALSE,FALSE,TRUE
How to Lose a Guy in 10 Days,2003,3.5,FALSE,FALSE,TRUE,TRUE
How to Make Millions Before Grandma Dies,2024,NULL,TRUE,FALSE,FALSE,FALSE
How to Train Your Dragon,2010,4.5,FALSE,TRUE,TRUE,TRUE
How to Train Your Dragon 2,2014,4,FALSE,FALSE,FALSE,TRUE
How to Train Your Dragon: The Hidden World,2019,3.5,FALSE,FALSE,FALSE,FALSE
Howl's Moving Castle,2004,4.5,TRUE,TRUE,TRUE,TRUE
Hugo,2011,3,FALSE,FALSE,FALSE,FALSE
Hunt for the Wilderpeople,2016,3.5,FALSE,FALSE,FALSE,FALSE
Hustle,2022,3.5,FALSE,FALSE,FALSE,FALSE
I Am Cuba,1964,NULL,TRUE,FALSE,FALSE,FALSE
I Am Legend,2007,3.5,FALSE,FALSE,FALSE,TRUE
I Care a Lot,2020,2.5,FALSE,FALSE,FALSE,FALSE
I Don't Feel at Home in This World Anymore,2017,3,FALSE,FALSE,FALSE,FALSE
"I Love You, Man",2009,3.5,FALSE,FALSE,FALSE,FALSE
I Saw the Devil,2010,4,FALSE,FALSE,FALSE,FALSE
I Saw the TV Glow,2024,NULL,FALSE,FALSE,TRUE,FALSE
"I, Robot",2004,3,FALSE,FALSE,FALSE,FALSE
"I, Tonya",2017,4,FALSE,FALSE,FALSE,TRUE
Ice Age,2002,4,FALSE,FALSE,FALSE,TRUE
Ice Age: Collision Course,2016,2,FALSE,FALSE,FALSE,FALSE
Ice Age: Continental Drift,2012,2.5,FALSE,FALSE,FALSE,FALSE
Ice Age: Dawn of the Dinosaurs,2009,3,FALSE,FALSE,FALSE,FALSE
Ice Age: The Meltdown,2006,3.5,FALSE,FALSE,FALSE,TRUE
Identity,2003,3.5,FALSE,FALSE,FALSE,FALSE
Ikiru,1952,NULL,TRUE,TRUE,FALSE,FALSE
Il Sorpasso,1962,NULL,TRUE,FALSE,FALSE,FALSE
I'm Still Here,2024,NULL,TRUE,FALSE,FALSE,FALSE
I'm Thinking of Ending Things,2020,3.5,FALSE,FALSE,FALSE,FALSE
In Bruges,2008,4,FALSE,FALSE,FALSE,FALSE
In the Heights,2021,3,FALSE,FALSE,FALSE,FALSE
In the Mood for Love,2000,NULL,TRUE,FALSE,TRUE,FALSE
In the Name of the Father,1993,NULL,FALSE,TRUE,FALSE,FALSE
Incendies,2010,4.5,TRUE,TRUE,FALSE,FALSE
Inception,2010,5,FALSE,TRUE,TRUE,TRUE
Incredibles 2,2018,3.5,FALSE,FALSE,FALSE,TRUE
Indiana Jones and the Dial of Destiny,2023,3,FALSE,FALSE,FALSE,FALSE
Indiana Jones and the Kingdom of the Crystal Skull,2008,3,FALSE,FALSE,FALSE,FALSE
Indiana Jones and the Last Crusade,1989,4.5,FALSE,TRUE,FALSE,TRUE
Indiana Jones and the Temple of Doom,1984,3.5,FALSE,FALSE,FALSE,TRUE
Inglourious Basterds,2009,4.5,TRUE,TRUE,TRUE,TRUE
Inside Man,2006,4,FALSE,FALSE,FALSE,FALSE
Inside Out,2015,4.5,FALSE,TRUE,FALSE,TRUE
Inside Out 2,2024,4.5,FALSE,FALSE,FALSE,TRUE
Insomnia,2002,4,FALSE,FALSE,FALSE,FALSE
Inspector Gadget,1999,2,FALSE,FALSE,FALSE,FALSE
Inspector Gadget 2,2003,2,FALSE,FALSE,FALSE,FALSE
Insurgent,2015,2,FALSE,FALSE,FALSE,FALSE
Interstella 5555: The 5tory of the 5ecret 5tar 5ystem,2003,NULL,TRUE,FALSE,FALSE,FALSE
Interstellar,2014,4.5,TRUE,TRUE,TRUE,TRUE
Interview with the Vampire,1994,3.5,FALSE,FALSE,FALSE,FALSE
Into the Wild,2007,4.5,FALSE,TRUE,FALSE,FALSE
Iron Man,2008,4,FALSE,FALSE,FALSE,TRUE
Iron Man 2,2010,3.5,FALSE,FALSE,FALSE,TRUE
Iron Man 3,2013,3,FALSE,FALSE,FALSE,TRUE
Isle of Dogs,2018,NULL,FALSE,FALSE,TRUE,TRUE
It,2017,4,FALSE,FALSE,TRUE,TRUE
It Chapter Two,2019,2.5,FALSE,FALSE,FALSE,TRUE
It Follows,2014,4,FALSE,FALSE,FALSE,TRUE
It's a Wonderful Life,1946,4.5,TRUE,TRUE,TRUE,FALSE
It's Such a Beautiful Day,2012,NULL,TRUE,FALSE,FALSE,FALSE
It's What's Inside,2024,3.5,FALSE,FALSE,FALSE,FALSE
Jack and Jill,2011,1,FALSE,FALSE,FALSE,FALSE
Jack Reacher,2012,3,FALSE,FALSE,FALSE,FALSE
Jackie Brown,1997,4,FALSE,FALSE,FALSE,FALSE
Jai Bhim,2021,NULL,FALSE,TRUE,FALSE,FALSE
James and the Giant Peach,1996,2.5,FALSE,FALSE,FALSE,FALSE
Jaws,1975,4.5,FALSE,TRUE,TRUE,TRUE
"Jeanne Dielman, 23, quai du Commerce, 1080 Bruxelles",1975,NULL,TRUE,FALSE,FALSE,FALSE
Jennifer's Body,2009,3,FALSE,FALSE,TRUE,TRUE
Jerry Maguire,1996,4.5,FALSE,FALSE,FALSE,FALSE
John Carter,2012,3.5,FALSE,FALSE,FALSE,FALSE
John Wick,2014,4.5,FALSE,FALSE,FALSE,TRUE
John Wick: Chapter 2,2017,4,FALSE,FALSE,FALSE,TRUE
John Wick: Chapter 3 ? Parabellum,2019,4,FALSE,FALSE,FALSE,FALSE
John Wick: Chapter 4,2023,4.5,FALSE,FALSE,FALSE,TRUE
Jojo Rabbit,2019,4.5,FALSE,FALSE,TRUE,TRUE
Joker,2019,4,FALSE,TRUE,TRUE,TRUE
Journey 2: The Mysterious Island,2012,2.5,FALSE,FALSE,FALSE,FALSE
Journey to the Center of the Earth,2008,2.5,FALSE,FALSE,FALSE,FALSE
Judgment at Nuremberg,1961,NULL,TRUE,TRUE,FALSE,FALSE
Jujutsu Kaisen 0,2021,4,FALSE,FALSE,FALSE,FALSE
Jumanji,1995,3.5,FALSE,FALSE,FALSE,TRUE
Jumanji: The Next Level,2019,3,FALSE,FALSE,FALSE,FALSE
Jumanji: Welcome to the Jungle,2017,3.5,FALSE,FALSE,FALSE,TRUE
Jungle,2017,3,FALSE,FALSE,FALSE,FALSE
Jungle Cruise,2021,3,FALSE,FALSE,FALSE,FALSE
Juno,2007,4,FALSE,FALSE,TRUE,TRUE
Jupiter Ascending,2015,2,FALSE,FALSE,FALSE,FALSE
Jurassic Park,1993,4.5,FALSE,TRUE,TRUE,TRUE
Jurassic World,2015,3.5,FALSE,FALSE,FALSE,TRUE
Jurassic World: Fallen Kingdom,2018,2.5,FALSE,FALSE,FALSE,TRUE
Juror #2,2024,4,FALSE,FALSE,FALSE,FALSE
Just Go with It,2011,3,FALSE,FALSE,FALSE,FALSE
Justice League,2017,2,FALSE,FALSE,FALSE,FALSE
Kes,1969,NULL,TRUE,FALSE,FALSE,FALSE
Kick-Ass,2010,3.5,FALSE,FALSE,FALSE,TRUE
Kiki's Delivery Service,1989,4,FALSE,FALSE,TRUE,TRUE
Kill Bill: Vol. 1,2003,4,FALSE,TRUE,TRUE,TRUE
Kill Bill: Vol. 2,2004,3.5,FALSE,FALSE,FALSE,TRUE
Killer Klowns from Outer Space,1988,3.5,FALSE,FALSE,FALSE,FALSE
Killers of the Flower Moon,2023,4,FALSE,FALSE,FALSE,TRUE
Kimi,2022,3.5,FALSE,FALSE,FALSE,FALSE
King Kong,2005,3,FALSE,FALSE,FALSE,FALSE
Kingdom of the Planet of the Apes,2024,3.5,FALSE,FALSE,FALSE,FALSE
Kingsman: The Golden Circle,2017,3,FALSE,FALSE,FALSE,TRUE
Kingsman: The Secret Service,2014,4,FALSE,FALSE,FALSE,TRUE
Kiss Kiss Bang Bang,2005,4,FALSE,FALSE,FALSE,FALSE
Klaus,2019,4.5,FALSE,TRUE,FALSE,FALSE
Knight and Day,2010,2.5,FALSE,FALSE,FALSE,FALSE
Knives Out,2019,4.5,FALSE,FALSE,TRUE,TRUE
Knock at the Cabin,2023,2.5,FALSE,FALSE,FALSE,FALSE
Knowing,2009,2,FALSE,FALSE,FALSE,FALSE
Kong: Skull Island,2017,3.5,FALSE,FALSE,FALSE,FALSE
Krampus,2015,3,FALSE,FALSE,FALSE,FALSE
Kubo and the Two Strings,2016,4,FALSE,FALSE,FALSE,FALSE
Kung Fu Panda,2008,4.5,FALSE,FALSE,FALSE,TRUE
Kung Fu Panda 2,2011,3.5,FALSE,FALSE,FALSE,TRUE
Kung Fu Panda 3,2016,3,FALSE,FALSE,FALSE,FALSE
Kung Fu Panda 4,2024,2.5,FALSE,FALSE,FALSE,FALSE
Kwaidan,1964,NULL,TRUE,FALSE,FALSE,FALSE
L.A. Confidential,1997,4.5,FALSE,TRUE,FALSE,FALSE
La Dolce Vita,1960,NULL,TRUE,FALSE,FALSE,FALSE
La Haine,1995,NULL,TRUE,TRUE,TRUE,FALSE
La La Land,2016,4.5,FALSE,FALSE,TRUE,TRUE
La Notte,1961,NULL,TRUE,FALSE,FALSE,FALSE
Labyrinth,1986,NULL,FALSE,FALSE,TRUE,FALSE
Lady and the Tramp,1955,3,FALSE,FALSE,FALSE,FALSE
Lady Bird,2017,4.5,FALSE,FALSE,TRUE,TRUE
Landscape in the Mist,1988,NULL,TRUE,FALSE,FALSE,FALSE
Lars and the Real Girl,2007,4.5,FALSE,FALSE,FALSE,FALSE
Last Night in Soho,2021,3,FALSE,FALSE,FALSE,TRUE
Late Night with the Devil,2023,3.5,FALSE,FALSE,FALSE,FALSE
Late Spring,1949,NULL,TRUE,FALSE,FALSE,FALSE
Lawrence of Arabia,1962,NULL,TRUE,TRUE,FALSE,FALSE
Layer Cake,2004,4,FALSE,FALSE,FALSE,FALSE
Le Samoura?,1967,NULL,FALSE,FALSE,FALSE,FALSE
Le Trou,1960,NULL,TRUE,FALSE,FALSE,FALSE
Leave the World Behind,2023,3.5,FALSE,FALSE,FALSE,FALSE
Legally Blonde,2001,4,FALSE,FALSE,TRUE,TRUE
Legend of the Guardians: The Owls of Ga'Hoole,2010,2.5,FALSE,FALSE,FALSE,FALSE
Lemonade Mouth,2011,3,FALSE,FALSE,FALSE,FALSE
Les Mis?rables,2012,3,FALSE,FALSE,FALSE,FALSE
Let the Right One In,2008,3,FALSE,FALSE,FALSE,FALSE
Liar Liar,1997,3,FALSE,FALSE,FALSE,FALSE
Life,2017,3,FALSE,FALSE,FALSE,FALSE
Life Is Beautiful,1997,4,TRUE,TRUE,TRUE,FALSE
Life of Pi,2012,4,FALSE,FALSE,FALSE,TRUE
"Life, and Nothing More?",1992,NULL,FALSE,FALSE,FALSE,FALSE
Lightyear,2022,2.5,FALSE,FALSE,FALSE,FALSE
Like Stars on Earth,2007,NULL,FALSE,TRUE,FALSE,FALSE
Lilo & Stitch,2002,4.5,FALSE,FALSE,FALSE,TRUE
Limitless,2011,3,FALSE,FALSE,FALSE,FALSE
Lion,2016,3.5,FALSE,FALSE,FALSE,FALSE
Little Miss Sunshine,2006,4.5,FALSE,FALSE,TRUE,TRUE
Little Women,1994,4,FALSE,FALSE,FALSE,FALSE
Little Women,2019,4,FALSE,FALSE,TRUE,TRUE
"Lock, Stock and Two Smoking Barrels",1998,4,FALSE,TRUE,FALSE,FALSE
Logan,2017,5,FALSE,TRUE,FALSE,TRUE
Loki,2021,4,FALSE,FALSE,FALSE,FALSE
L?on: The Professional,1994,3,FALSE,FALSE,FALSE,FALSE
Longlegs,2024,3.5,FALSE,FALSE,FALSE,TRUE
Look Back,2024,NULL,TRUE,FALSE,FALSE,FALSE
Looper,2012,4,FALSE,FALSE,FALSE,FALSE
Lost in Translation,2003,4.5,FALSE,FALSE,TRUE,TRUE
Love & Other Drugs,2010,3.5,FALSE,FALSE,FALSE,FALSE
Love Actually,2003,3.5,FALSE,FALSE,FALSE,TRUE
Love and Monsters,2020,3.5,FALSE,FALSE,FALSE,FALSE
Love Exposure,2008,NULL,TRUE,FALSE,FALSE,FALSE
Love Hard,2021,3,FALSE,FALSE,FALSE,FALSE
Love Lies Bleeding,2024,3.5,FALSE,FALSE,FALSE,FALSE
Luca,2021,3.5,FALSE,FALSE,FALSE,TRUE
Lucky Number Slevin,2006,4,FALSE,FALSE,FALSE,FALSE
Lucy,2014,NULL,FALSE,FALSE,FALSE,TRUE
"Lyle, Lyle, Crocodile",2022,2.5,FALSE,FALSE,FALSE,FALSE
M,1931,NULL,TRUE,TRUE,FALSE,FALSE
M3GAN,2022,2.5,FALSE,FALSE,FALSE,FALSE
Mad Max: Fury Road,2015,4.5,FALSE,TRUE,TRUE,TRUE
Madagascar,2005,3,FALSE,FALSE,FALSE,TRUE
Madagascar 3: Europe's Most Wanted,2012,2.5,FALSE,FALSE,FALSE,FALSE
Madagascar: Escape 2 Africa,2008,3,FALSE,FALSE,FALSE,FALSE
Magnolia,1999,4,FALSE,FALSE,FALSE,FALSE
Maharaja,2024,NULL,FALSE,TRUE,FALSE,FALSE
Malcolm X,1992,NULL,TRUE,FALSE,FALSE,FALSE
Maleficent,2014,3,FALSE,FALSE,FALSE,TRUE
Malignant,2021,3.5,FALSE,FALSE,FALSE,FALSE
Mamma Mia!,2008,4,FALSE,FALSE,TRUE,TRUE
Man of Steel,2013,2.5,FALSE,FALSE,FALSE,TRUE
Man on a Ledge,2012,2,FALSE,FALSE,FALSE,FALSE
Man on Fire,2004,3,FALSE,FALSE,FALSE,FALSE
Manchester by the Sea,2016,4,FALSE,FALSE,TRUE,TRUE
Marcel the Shell with Shoes On,2021,4.5,TRUE,FALSE,FALSE,FALSE
Marie Antoinette,2006,NULL,FALSE,FALSE,TRUE,FALSE
Marley & Me,2008,3.5,FALSE,FALSE,FALSE,FALSE
Marmaduke,2010,1.5,FALSE,FALSE,FALSE,FALSE
Marriage Story,2019,4.5,FALSE,FALSE,FALSE,TRUE
Marrowbone,2017,4,FALSE,FALSE,FALSE,FALSE
Mary and Max,2009,NULL,TRUE,TRUE,FALSE,FALSE
Mary Poppins,1964,3,FALSE,FALSE,FALSE,FALSE
Master and Commander: The Far Side of the World,2003,3.5,FALSE,FALSE,FALSE,FALSE
Matilda,1996,NULL,FALSE,FALSE,FALSE,TRUE
MaXXXine,2024,2.5,FALSE,FALSE,FALSE,FALSE
May December,2023,4,FALSE,FALSE,FALSE,FALSE
Me and Earl and the Dying Girl,2015,4.5,FALSE,FALSE,FALSE,FALSE
Me Before You,2016,4,FALSE,FALSE,FALSE,TRUE
Mean Girls,2004,4,FALSE,FALSE,TRUE,TRUE
Meet the Fockers,2004,3,FALSE,FALSE,FALSE,FALSE
Meet the Parents,2000,3.5,FALSE,FALSE,FALSE,FALSE
Meet the Robinsons,2007,3.5,FALSE,FALSE,FALSE,FALSE
Megamind,2010,4,FALSE,FALSE,FALSE,TRUE
Melancholia,2011,4,FALSE,FALSE,FALSE,FALSE
Memento,2000,5,FALSE,TRUE,TRUE,TRUE
Memories of Murder,2003,NULL,TRUE,TRUE,TRUE,FALSE
Men in Black,1997,4,FALSE,FALSE,FALSE,TRUE
Men in Black 3,2012,3,FALSE,FALSE,FALSE,FALSE
Men in Black II,2002,2.5,FALSE,FALSE,FALSE,FALSE
Men in Black: International,2019,1.5,FALSE,FALSE,FALSE,FALSE
Metropolis,1927,NULL,TRUE,TRUE,FALSE,FALSE
Michael Clayton,2007,3.5,FALSE,FALSE,FALSE,FALSE
Mickey 17,2025,NULL,FALSE,FALSE,FALSE,TRUE
mid90s,2018,NULL,FALSE,FALSE,TRUE,FALSE
Midnight in Paris,2011,3.5,FALSE,FALSE,FALSE,TRUE
Midnight Mass,2021,3.5,FALSE,FALSE,FALSE,FALSE
Midsommar,2019,4,FALSE,FALSE,TRUE,TRUE
Migration,2023,3,FALSE,FALSE,FALSE,FALSE
Millennium Actress,2001,NULL,TRUE,FALSE,FALSE,FALSE
Million Dollar Baby,2004,4,FALSE,TRUE,FALSE,FALSE
Minions,2015,2.5,FALSE,FALSE,FALSE,TRUE
Minions: The Rise of Gru,2022,3,FALSE,FALSE,FALSE,FALSE
Minority Report,2002,4,FALSE,FALSE,FALSE,FALSE
Mirror,1975,NULL,TRUE,FALSE,FALSE,FALSE
Misery,1990,4.5,FALSE,FALSE,FALSE,FALSE
Mishima: A Life in Four Chapters,1985,NULL,TRUE,FALSE,FALSE,FALSE
Miss Congeniality,2000,3,FALSE,FALSE,FALSE,FALSE
Missing,2023,3.5,FALSE,FALSE,FALSE,FALSE
Mission: Impossible,1996,3.5,FALSE,FALSE,FALSE,TRUE
Mission: Impossible ? Dead Reckoning,2023,4,FALSE,FALSE,FALSE,FALSE
Mission: Impossible ? Fallout,2018,4.5,FALSE,FALSE,FALSE,FALSE
Mission: Impossible ? Ghost Protocol,2011,4,FALSE,FALSE,FALSE,FALSE
Mission: Impossible ? Rogue Nation,2015,4,FALSE,FALSE,FALSE,FALSE
Mission: Impossible ? The Final Reckoning,2025,4,FALSE,FALSE,FALSE,FALSE
Mission: Impossible II,2000,3,FALSE,FALSE,FALSE,FALSE
Mission: Impossible III,2006,3.5,FALSE,FALSE,FALSE,FALSE
Mississippi Burning,1988,3.5,FALSE,FALSE,FALSE,FALSE
Moana,2016,3.5,FALSE,FALSE,FALSE,TRUE
Moana 2,2024,2.5,FALSE,FALSE,FALSE,FALSE
Modern Times,1936,NULL,TRUE,TRUE,FALSE,FALSE
Molly's Game,2017,3.5,FALSE,FALSE,FALSE,FALSE
Mommy,2014,NULL,TRUE,FALSE,FALSE,FALSE
Moneyball,2011,4.5,FALSE,FALSE,FALSE,FALSE
Monkey Man,2024,3,FALSE,FALSE,FALSE,FALSE
Monster,2023,NULL,TRUE,FALSE,TRUE,FALSE
Monster House,2006,3,FALSE,FALSE,FALSE,TRUE
Monsters University,2013,3.5,FALSE,FALSE,FALSE,TRUE
Monsters vs Aliens,2009,3,FALSE,FALSE,FALSE,FALSE
"Monsters, Inc.",2001,5,FALSE,TRUE,FALSE,TRUE
Monty Python and the Holy Grail,1975,4,FALSE,TRUE,FALSE,FALSE
Moon,2009,3.5,FALSE,FALSE,FALSE,FALSE
Moon Knight,2022,3.5,FALSE,FALSE,FALSE,FALSE
Moonlight,2016,4.5,FALSE,FALSE,TRUE,TRUE
Moonrise Kingdom,2012,4,FALSE,FALSE,TRUE,TRUE
Mortal Kombat,2021,3,FALSE,FALSE,FALSE,FALSE
Mother,2009,3.5,FALSE,FALSE,FALSE,FALSE
Mother of the Bride,2024,1,FALSE,FALSE,FALSE,FALSE
mother!,2017,3.5,FALSE,FALSE,FALSE,TRUE
Moulin Rouge!,2001,NULL,FALSE,FALSE,TRUE,FALSE
Mr. & Mrs. Smith,2005,3.5,FALSE,FALSE,FALSE,TRUE
Mr. Harrigan's Phone,2022,2,FALSE,FALSE,FALSE,FALSE
Mr. Peabody & Sherman,2014,3,FALSE,FALSE,FALSE,FALSE
Mr. Popper's Penguins,2011,3,FALSE,FALSE,FALSE,FALSE
Mr. Smith Goes to Washington,1939,4,FALSE,TRUE,FALSE,FALSE
Mrs. Doubtfire,1993,3.5,FALSE,FALSE,FALSE,FALSE
Mulan,1998,4,FALSE,FALSE,FALSE,TRUE
Mulan,2020,1.5,FALSE,FALSE,FALSE,FALSE
Mulholland Drive,2001,3,TRUE,FALSE,TRUE,TRUE
Murder Mystery,2019,2.5,FALSE,FALSE,FALSE,FALSE
Murder on the Orient Express,2017,3.5,FALSE,FALSE,FALSE,FALSE
My Big Fat Greek Wedding,2002,3.5,FALSE,FALSE,FALSE,FALSE
My Big Fat Greek Wedding 2,2016,3,FALSE,FALSE,FALSE,FALSE
My Cousin Vinny,1992,4.5,FALSE,FALSE,FALSE,FALSE
My Father and My Son,2005,NULL,FALSE,TRUE,FALSE,FALSE
My Neighbor Totoro,1988,4.5,FALSE,TRUE,TRUE,TRUE
My Old Ass,2024,3,FALSE,FALSE,FALSE,FALSE
Mysterious Skin,2004,NULL,FALSE,FALSE,TRUE,FALSE
Mystic River,2003,4,FALSE,FALSE,FALSE,FALSE
Nacho Libre,2006,3.5,FALSE,FALSE,FALSE,FALSE
Napoleon,1927,NULL,TRUE,FALSE,FALSE,FALSE
Napoleon Dynamite,2004,4,FALSE,FALSE,FALSE,FALSE
National Lampoon's Christmas Vacation,1989,3.5,FALSE,FALSE,FALSE,FALSE
National Treasure,2004,4,FALSE,FALSE,FALSE,FALSE
National Treasure: Book of Secrets,2007,3.5,FALSE,FALSE,FALSE,FALSE
Neighbors,2014,3,FALSE,FALSE,FALSE,FALSE
Neon Genesis Evangelion: The End of Evangelion,1997,NULL,TRUE,FALSE,TRUE,FALSE
Network,1976,4,TRUE,TRUE,FALSE,FALSE
Nick and Norah's Infinite Playlist,2008,3,FALSE,FALSE,FALSE,FALSE
Night at the Museum,2006,3.5,FALSE,FALSE,FALSE,TRUE
Night at the Museum: Battle of the Smithsonian,2009,3,FALSE,FALSE,FALSE,FALSE
Night at the Museum: Secret of the Tomb,2014,3,FALSE,FALSE,FALSE,FALSE
Nightcrawler,2014,4.5,FALSE,FALSE,FALSE,TRUE
Nightmare Alley,2021,3,FALSE,FALSE,FALSE,FALSE
Nights of Cabiria,1957,NULL,TRUE,FALSE,FALSE,FALSE
Nimona,2023,4,FALSE,FALSE,FALSE,FALSE
No Country for Old Men,2007,5,TRUE,TRUE,TRUE,TRUE
No Hard Feelings,2023,3.5,FALSE,FALSE,FALSE,TRUE
No One Will Save You,2023,3.5,FALSE,FALSE,FALSE,FALSE
No Time to Die,2021,3,FALSE,FALSE,FALSE,TRUE
Nobody,2021,3.5,FALSE,FALSE,FALSE,FALSE
Nobody Knows,2004,NULL,TRUE,FALSE,FALSE,FALSE
Nocturnal Animals,2016,3.5,FALSE,FALSE,FALSE,FALSE
Non-Stop,2014,3,FALSE,FALSE,FALSE,FALSE
Nope,2022,4,FALSE,FALSE,TRUE,TRUE
Normal People,2020,4.5,FALSE,FALSE,FALSE,FALSE
North by Northwest,1959,4,FALSE,TRUE,FALSE,FALSE
Nosferatu,2024,4.5,FALSE,FALSE,FALSE,TRUE
Nostalgia,1983,NULL,TRUE,FALSE,FALSE,FALSE
Notting Hill,1999,4,FALSE,FALSE,TRUE,TRUE
Now You See Me,2013,3.5,FALSE,FALSE,FALSE,TRUE
Now You See Me 2,2016,2.5,FALSE,FALSE,FALSE,FALSE
Obi-Wan Kenobi,2022,3,FALSE,FALSE,FALSE,FALSE
Oblivion,2013,3,FALSE,FALSE,FALSE,FALSE
Ocean's Eight,2018,3,FALSE,FALSE,FALSE,TRUE
Ocean's Eleven,2001,4,FALSE,FALSE,FALSE,TRUE
Office Space,1999,5,FALSE,FALSE,FALSE,FALSE
Okja,2017,3,FALSE,FALSE,FALSE,FALSE
Old,2021,2.5,FALSE,FALSE,FALSE,FALSE
Old School,2003,3,FALSE,FALSE,FALSE,FALSE
Oldboy,2003,5,TRUE,TRUE,TRUE,TRUE
On the Waterfront,1954,4,FALSE,TRUE,FALSE,FALSE
Once Upon a Time in America,1984,NULL,FALSE,TRUE,FALSE,FALSE
Once Upon a Time in the West,1968,3.5,TRUE,TRUE,FALSE,FALSE
Once Upon a Time... in Hollywood,2019,4.5,FALSE,FALSE,TRUE,TRUE
One Flew Over the Cuckoo's Nest,1975,5,TRUE,TRUE,TRUE,TRUE
One Hundred and One Dalmatians,1961,3,FALSE,FALSE,FALSE,FALSE
Onward,2020,3.5,FALSE,FALSE,FALSE,FALSE
Open Season,2006,3,FALSE,FALSE,FALSE,FALSE
Opening Night,1977,NULL,TRUE,FALSE,FALSE,FALSE
Oppenheimer,2023,4.5,FALSE,TRUE,TRUE,TRUE
Ordet,1955,NULL,TRUE,FALSE,FALSE,FALSE
Orion and the Dark,2024,3,FALSE,FALSE,FALSE,FALSE
Orphan,2009,3.5,FALSE,FALSE,FALSE,FALSE
Over the Garden Wall,2014,4.5,FALSE,FALSE,FALSE,FALSE
Over the Hedge,2006,3,FALSE,FALSE,FALSE,FALSE
Overlord,2018,3,FALSE,FALSE,FALSE,FALSE
Oz the Great and Powerful,2013,2.5,FALSE,FALSE,FALSE,FALSE
Pacific Rim,2013,3.5,FALSE,FALSE,FALSE,FALSE
Paddington,2014,4,FALSE,FALSE,FALSE,TRUE
Paddington 2,2017,4,FALSE,FALSE,FALSE,FALSE
Palm Springs,2020,4.5,FALSE,FALSE,FALSE,FALSE
Panic Room,2002,3.5,FALSE,FALSE,FALSE,FALSE
Pan's Labyrinth,2006,4.5,FALSE,TRUE,TRUE,TRUE
Paper Moon,1973,NULL,TRUE,FALSE,FALSE,FALSE
Parasite,2019,5,TRUE,TRUE,TRUE,TRUE
"Paris, Texas",1984,NULL,TRUE,FALSE,TRUE,FALSE
Passengers,2016,2,FALSE,FALSE,FALSE,FALSE
Past Lives,2023,NULL,FALSE,FALSE,TRUE,TRUE
Paterson,2016,4,FALSE,FALSE,FALSE,FALSE
Pather Panchali,1955,NULL,TRUE,FALSE,FALSE,FALSE
Paths of Glory,1957,3.5,TRUE,TRUE,FALSE,FALSE
Paul Blart: Mall Cop,2009,3,FALSE,FALSE,FALSE,FALSE
Paul Blart: Mall Cop 2,2015,1.5,FALSE,FALSE,FALSE,FALSE
Pearl,2022,4,FALSE,FALSE,TRUE,TRUE
Penguins of Madagascar,2014,3,FALSE,FALSE,FALSE,FALSE
Percy Jackson & the Olympians: The Lightning Thief,2010,3,FALSE,FALSE,FALSE,FALSE
Percy Jackson: Sea of Monsters,2013,2.5,FALSE,FALSE,FALSE,FALSE
Perfect Blue,1997,NULL,TRUE,FALSE,TRUE,TRUE
Perfect Days,2023,NULL,TRUE,FALSE,TRUE,FALSE
Persona,1966,NULL,TRUE,FALSE,TRUE,FALSE
Peter Pan,1953,4,FALSE,FALSE,FALSE,FALSE
Peter Rabbit,2018,3,FALSE,FALSE,FALSE,FALSE
Pete's Dragon,2016,2.5,FALSE,FALSE,FALSE,FALSE
Phantom Thread,2017,3.5,FALSE,FALSE,FALSE,FALSE
Phone Booth,2002,3,FALSE,FALSE,FALSE,FALSE
Pig,2021,4,FALSE,FALSE,FALSE,FALSE
Pinocchio,1940,3.5,FALSE,FALSE,FALSE,FALSE
Pirates of the Caribbean: At World's End,2007,3.5,FALSE,FALSE,FALSE,TRUE
Pirates of the Caribbean: Dead Man's Chest,2006,4.5,FALSE,FALSE,FALSE,TRUE
Pirates of the Caribbean: Dead Men Tell No Tales,2017,2.5,FALSE,FALSE,FALSE,FALSE
Pirates of the Caribbean: On Stranger Tides,2011,2.5,FALSE,FALSE,FALSE,TRUE
Pirates of the Caribbean: The Curse of the Black Pearl,2003,4,FALSE,TRUE,FALSE,TRUE
Pitch Perfect,2012,3.5,FALSE,FALSE,TRUE,TRUE
Pitch Perfect 2,2015,2.5,FALSE,FALSE,FALSE,FALSE
Pixels,2015,1.5,FALSE,FALSE,FALSE,FALSE
"Planes, Trains and Automobiles",1987,4,FALSE,FALSE,FALSE,FALSE
Platoon,1986,NULL,FALSE,TRUE,FALSE,FALSE
Plus One,2019,4,FALSE,FALSE,FALSE,FALSE
Pocahontas,1995,3.5,FALSE,FALSE,FALSE,FALSE
Pok?mon Detective Pikachu,2019,3.5,FALSE,FALSE,FALSE,FALSE
Ponyo,2008,3.5,FALSE,FALSE,TRUE,TRUE
Poor Things,2023,4,FALSE,FALSE,TRUE,TRUE
Popstar: Never Stop Never Stopping,2016,4,FALSE,FALSE,FALSE,FALSE
Portrait of a Lady on Fire,2019,NULL,TRUE,FALSE,TRUE,TRUE
Possession,1981,NULL,FALSE,FALSE,TRUE,FALSE
Possessor,2020,3,FALSE,FALSE,FALSE,FALSE
Predator,1987,4.5,FALSE,FALSE,FALSE,FALSE
Predator: Killer of Killers,2025,4,FALSE,FALSE,FALSE,FALSE
Pretty Woman,1990,NULL,FALSE,FALSE,FALSE,TRUE
Prey,2022,4,FALSE,FALSE,FALSE,FALSE
Pride & Prejudice,2005,4.5,FALSE,FALSE,TRUE,TRUE
Primal Fear,1996,4,FALSE,FALSE,FALSE,FALSE
Princess Mononoke,1997,4,TRUE,TRUE,TRUE,TRUE
Priscilla,2023,NULL,FALSE,FALSE,FALSE,TRUE
Prisoners,2013,4.5,TRUE,TRUE,TRUE,TRUE
Prometheus,2012,2.5,FALSE,FALSE,FALSE,FALSE
Promising Young Woman,2020,4,FALSE,FALSE,FALSE,FALSE
Psycho,1960,4,TRUE,TRUE,TRUE,TRUE
Puella Magi Madoka Magica the Movie Part III: Rebellion,2013,NULL,TRUE,FALSE,FALSE,FALSE
Pulp Fiction,1994,5,TRUE,TRUE,TRUE,TRUE
Punch-Drunk Love,2002,3.5,FALSE,FALSE,FALSE,FALSE
Puss in Boots,2011,3,FALSE,FALSE,FALSE,FALSE
Puss in Boots: The Last Wish,2022,4.5,FALSE,FALSE,FALSE,TRUE
Quantum of Solace,2008,2.5,FALSE,FALSE,FALSE,FALSE
Race to Witch Mountain,2009,2.5,FALSE,FALSE,FALSE,FALSE
Radio Rebel,2012,1.5,FALSE,FALSE,FALSE,FALSE
Raging Bull,1980,4,TRUE,TRUE,FALSE,FALSE
Raiders of the Lost Ark,1981,4.5,FALSE,TRUE,TRUE,TRUE
Rain Man,1988,4,FALSE,FALSE,FALSE,FALSE
Raise the Red Lantern,1991,NULL,TRUE,FALSE,FALSE,FALSE
Raising Arizona,1987,3.5,FALSE,FALSE,FALSE,FALSE
Ralph Breaks the Internet,2018,3,FALSE,FALSE,FALSE,TRUE
Ramona and Beezus,2010,3,FALSE,FALSE,FALSE,FALSE
Ran,1985,NULL,TRUE,TRUE,FALSE,FALSE
Rango,2011,3.5,FALSE,FALSE,FALSE,TRUE
Rashomon,1950,NULL,FALSE,TRUE,FALSE,FALSE
Ratatouille,2007,5,FALSE,TRUE,TRUE,TRUE
Raya and the Last Dragon,2021,3,FALSE,FALSE,FALSE,FALSE
Ready or Not,2019,3,FALSE,FALSE,FALSE,TRUE
Ready Player One,2018,4,FALSE,FALSE,FALSE,TRUE
Real Steel,2011,3.5,FALSE,FALSE,FALSE,FALSE
Reality,2023,3.5,FALSE,FALSE,FALSE,FALSE
Rear Window,1954,4.5,TRUE,TRUE,TRUE,FALSE
Rebel Ridge,2024,4,FALSE,FALSE,FALSE,FALSE
RED,2010,3,FALSE,FALSE,FALSE,FALSE
Red Beard,1965,NULL,TRUE,FALSE,FALSE,FALSE
Red Eye,2005,2.5,FALSE,FALSE,FALSE,FALSE
Red Notice,2021,2,FALSE,FALSE,FALSE,FALSE
Red One,2024,2,FALSE,FALSE,FALSE,FALSE
Remember the Titans,2000,3.5,FALSE,FALSE,FALSE,FALSE
Renfield,2023,3,FALSE,FALSE,FALSE,FALSE
Reptile,2023,3,FALSE,FALSE,FALSE,FALSE
Requiem for a Dream,2000,5,FALSE,TRUE,TRUE,TRUE
Reservoir Dogs,1992,4,FALSE,TRUE,TRUE,TRUE
Return of the Jedi,1983,4.5,FALSE,TRUE,FALSE,TRUE
Return to Me,2000,3.5,FALSE,FALSE,FALSE,FALSE
Revolutionary Road,2008,4,FALSE,FALSE,FALSE,FALSE
Richard Jewell,2019,3.5,FALSE,FALSE,FALSE,FALSE
Rififi,1955,NULL,TRUE,FALSE,FALSE,FALSE
Rio,2011,2.5,FALSE,FALSE,FALSE,FALSE
Rio 2,2014,2,FALSE,FALSE,FALSE,FALSE
Rise of the Guardians,2012,2.5,FALSE,FALSE,FALSE,FALSE
Rise of the Planet of the Apes,2011,4,FALSE,FALSE,FALSE,TRUE
Risky Business,1983,3.5,FALSE,FALSE,FALSE,FALSE
Ritual,2000,NULL,TRUE,FALSE,FALSE,FALSE
Robots,2005,2.5,FALSE,FALSE,FALSE,FALSE
Rocco and His Brothers,1960,NULL,TRUE,FALSE,FALSE,FALSE
Rocky,1976,4,FALSE,TRUE,FALSE,TRUE
Rogue One: A Star Wars Story,2016,3.5,FALSE,FALSE,FALSE,TRUE
Role Models,2008,3,FALSE,FALSE,FALSE,FALSE
Roma,2018,3.5,FALSE,FALSE,FALSE,FALSE
Romeo + Juliet,1996,NULL,FALSE,FALSE,FALSE,TRUE
Ron's Gone Wrong,2021,3,FALSE,FALSE,FALSE,FALSE
Room,2015,4.5,FALSE,TRUE,FALSE,TRUE
Rope,1948,4.5,FALSE,FALSE,FALSE,FALSE
Rosemary's Baby,1968,4,FALSE,FALSE,FALSE,FALSE
Rounders,1998,3,FALSE,FALSE,FALSE,FALSE
RRR,2022,4.5,FALSE,FALSE,FALSE,FALSE
Run,2020,3.5,FALSE,FALSE,FALSE,FALSE
Runaway Jury,2003,3.5,FALSE,FALSE,FALSE,FALSE
Rush,2013,NULL,FALSE,TRUE,FALSE,FALSE
Rush Hour,1998,3.5,FALSE,FALSE,FALSE,FALSE
Rye Lane,2023,4,FALSE,FALSE,FALSE,FALSE
Safe Haven,2013,3,FALSE,FALSE,FALSE,FALSE
Salt,2010,3,FALSE,FALSE,FALSE,FALSE
Saltburn,2023,3.5,FALSE,FALSE,FALSE,TRUE
Samurai Rebellion,1967,NULL,TRUE,FALSE,FALSE,FALSE
Sansho the Bailiff,1954,NULL,TRUE,FALSE,FALSE,FALSE
Satantango,1994,NULL,TRUE,FALSE,FALSE,FALSE
Saving Private Ryan,1998,4,TRUE,TRUE,FALSE,TRUE
Saw,2004,3.5,FALSE,FALSE,TRUE,TRUE
Scarface,1983,4.5,FALSE,TRUE,TRUE,TRUE
Scary Movie,2000,NULL,FALSE,FALSE,FALSE,TRUE
Scenes from a Marriage,1974,NULL,TRUE,FALSE,FALSE,FALSE
Schindler's List,1993,4.5,TRUE,TRUE,TRUE,TRUE
School of Rock,2003,4,FALSE,FALSE,FALSE,TRUE
Scoob!,2020,2,FALSE,FALSE,FALSE,FALSE
Scooby-Doo,2002,2.5,FALSE,FALSE,FALSE,TRUE
Scooby-Doo 2: Monsters Unleashed,2004,2,FALSE,FALSE,FALSE,FALSE
Scott Pilgrim vs. the World,2010,4.5,FALSE,FALSE,TRUE,TRUE
Scream,1996,4.5,FALSE,FALSE,TRUE,TRUE
Scream,2022,3,FALSE,FALSE,FALSE,TRUE
Scream 2,1997,3.5,FALSE,FALSE,FALSE,FALSE
Scream 3,2000,2.5,FALSE,FALSE,FALSE,FALSE
Scream 4,2011,3.5,FALSE,FALSE,FALSE,FALSE
Scream VI,2023,3,FALSE,FALSE,FALSE,FALSE
Se7en,1995,5,TRUE,TRUE,TRUE,TRUE
Searching,2018,3.5,FALSE,FALSE,FALSE,FALSE
Secondhand Lions,2003,3.5,FALSE,FALSE,FALSE,FALSE
Secret Window,2004,3,FALSE,FALSE,FALSE,FALSE
Secrets & Lies,1996,NULL,TRUE,FALSE,FALSE,FALSE
Set It Up,2018,3.5,FALSE,FALSE,FALSE,FALSE
Seven Psychopaths,2012,3.5,FALSE,FALSE,FALSE,FALSE
Seven Samurai,1954,4.5,TRUE,TRUE,FALSE,FALSE
Shang-Chi and the Legend of the Ten Rings,2021,4,FALSE,FALSE,FALSE,TRUE
Shark Tale,2004,2,FALSE,FALSE,FALSE,TRUE
Shaun of the Dead,2004,4,FALSE,FALSE,FALSE,TRUE
Shazam!,2019,3,FALSE,FALSE,FALSE,TRUE
Shazam! Fury of the Gods,2023,2.5,FALSE,FALSE,FALSE,FALSE
Sherlock Holmes,2009,3.5,FALSE,FALSE,FALSE,TRUE
Sherlock Jr.,1924,NULL,TRUE,TRUE,FALSE,FALSE
She's Out of My League,2010,3,FALSE,FALSE,FALSE,FALSE
She's the Man,2006,NULL,FALSE,FALSE,FALSE,TRUE
Shiva Baby,2020,4,FALSE,FALSE,FALSE,FALSE
Shooter,2007,3,FALSE,FALSE,FALSE,FALSE
Shoplifters,2018,NULL,TRUE,FALSE,FALSE,FALSE
Shot Caller,2017,3.5,FALSE,FALSE,FALSE,FALSE
Shrek,2001,4,FALSE,FALSE,TRUE,TRUE
Shrek 2,2004,3.5,FALSE,FALSE,TRUE,TRUE
Shrek Forever After,2010,2,FALSE,FALSE,FALSE,TRUE
Shrek the Third,2007,2.5,FALSE,FALSE,FALSE,TRUE
Shutter Island,2010,5,FALSE,TRUE,TRUE,TRUE
Sicario,2015,4,FALSE,FALSE,FALSE,TRUE
Sicario: Day of the Soldado,2018,3,FALSE,FALSE,FALSE,FALSE
Side Effects,2013,3.5,FALSE,FALSE,FALSE,FALSE
Sideways,2004,4,FALSE,FALSE,FALSE,FALSE
Signs,2002,3.5,FALSE,FALSE,FALSE,FALSE
Silent Hill,2006,2.5,FALSE,FALSE,FALSE,FALSE
Silver Linings Playbook,2012,3.5,FALSE,FALSE,FALSE,TRUE
Sin City,2005,4,FALSE,FALSE,FALSE,FALSE
Sing,2016,2.5,FALSE,FALSE,FALSE,FALSE
Sing Sing,2023,NULL,TRUE,FALSE,FALSE,FALSE
Singin' in the Rain,1952,NULL,TRUE,TRUE,TRUE,FALSE
Sinners,2025,4.5,FALSE,FALSE,TRUE,TRUE
Sky High,2005,3.5,FALSE,FALSE,FALSE,FALSE
Skyfall,2012,4.5,FALSE,FALSE,FALSE,TRUE
Sleeping Beauty,1959,3,FALSE,FALSE,FALSE,FALSE
Sleepless in Seattle,1993,4,FALSE,FALSE,FALSE,FALSE
Slumdog Millionaire,2008,NULL,FALSE,FALSE,FALSE,TRUE
Smile,2022,2.5,FALSE,FALSE,FALSE,TRUE
Smile 2,2024,3.5,FALSE,FALSE,FALSE,FALSE
Snatch,2000,4,FALSE,TRUE,FALSE,FALSE
Snow White and the Seven Dwarfs,1937,3.5,FALSE,FALSE,FALSE,TRUE
Snowden,2016,3,FALSE,FALSE,FALSE,FALSE
Snowpiercer,2013,3.5,FALSE,FALSE,FALSE,TRUE
Society of the Snow,2023,4.5,FALSE,FALSE,FALSE,TRUE
Solaris,1972,NULL,TRUE,FALSE,FALSE,FALSE
Solo: A Star Wars Story,2018,3,FALSE,FALSE,FALSE,TRUE
Some Like It Hot,1959,NULL,TRUE,TRUE,FALSE,FALSE
Song of the Sea,2014,NULL,TRUE,FALSE,FALSE,FALSE
Sonic the Hedgehog,2020,3,FALSE,FALSE,FALSE,FALSE
Sonic the Hedgehog 2,2022,3,FALSE,FALSE,FALSE,FALSE
Sorcerer,1977,NULL,TRUE,FALSE,FALSE,FALSE
Sorry to Bother You,2018,4,FALSE,FALSE,FALSE,FALSE
Soul,2020,4.5,FALSE,FALSE,FALSE,TRUE
Source Code,2011,3.5,FALSE,FALSE,FALSE,FALSE
Space Jam,1996,3.5,FALSE,FALSE,FALSE,FALSE
Space Jam: A New Legacy,2021,1.5,FALSE,FALSE,FALSE,FALSE
Speak No Evil,2024,3.5,FALSE,FALSE,FALSE,FALSE
Spectre,2015,3,FALSE,FALSE,FALSE,FALSE
Speed,1994,4,FALSE,FALSE,FALSE,FALSE
Spider-Man,2002,4,FALSE,FALSE,FALSE,TRUE
Spider-Man 2,2004,4,FALSE,FALSE,TRUE,TRUE
Spider-Man 3,2007,3,FALSE,FALSE,FALSE,TRUE
Spider-Man: Across the Spider-Verse,2023,5,TRUE,TRUE,TRUE,TRUE
Spider-Man: Far From Home,2019,3.5,FALSE,FALSE,FALSE,TRUE
Spider-Man: Homecoming,2017,4,FALSE,FALSE,FALSE,TRUE
Spider-Man: Into the Spider-Verse,2018,4.5,TRUE,TRUE,TRUE,TRUE
Spider-Man: No Way Home,2021,4.5,FALSE,TRUE,TRUE,TRUE
Spies in Disguise,2019,2.5,FALSE,FALSE,FALSE,FALSE
Spirited Away,2001,4,TRUE,TRUE,TRUE,TRUE
Split,2016,3.5,FALSE,FALSE,FALSE,TRUE
Spotlight,2015,4,FALSE,TRUE,FALSE,FALSE
Spy,2015,3,FALSE,FALSE,FALSE,FALSE
Spy Kids,2001,3,FALSE,FALSE,FALSE,FALSE
Spy Kids 2: The Island of Lost Dreams,2002,3,FALSE,FALSE,FALSE,FALSE
Spy Kids 3-D: Game Over,2003,2.5,FALSE,FALSE,FALSE,FALSE
Squid Game,2021,3.5,FALSE,FALSE,FALSE,TRUE
Stalker,1979,NULL,TRUE,FALSE,TRUE,FALSE
Stand by Me,1986,4.5,FALSE,TRUE,TRUE,TRUE
Star Trek,2009,3.5,FALSE,FALSE,FALSE,FALSE
Star Trek Beyond,2016,3,FALSE,FALSE,FALSE,FALSE
Star Trek Into Darkness,2013,3.5,FALSE,FALSE,FALSE,FALSE
Star Wars,1977,4.5,FALSE,TRUE,TRUE,TRUE
Star Wars: Episode I ? The Phantom Menace,1999,3.5,FALSE,FALSE,FALSE,FALSE
Star Wars: Episode II ??Attack of the Clones,2002,3,FALSE,FALSE,FALSE,FALSE
Star Wars: Episode III ??Revenge of the Sith,2005,4.5,FALSE,FALSE,FALSE,FALSE
Star Wars: The Clone Wars,2008,3.5,FALSE,FALSE,FALSE,FALSE
Star Wars: The Force Awakens,2015,3.5,FALSE,FALSE,FALSE,TRUE
Star Wars: The Last Jedi,2017,2.5,FALSE,FALSE,FALSE,TRUE
Star Wars: The Rise of Skywalker,2019,2,FALSE,FALSE,FALSE,TRUE
Stardust,2007,3.5,FALSE,FALSE,FALSE,FALSE
Still Walking,2008,NULL,TRUE,FALSE,FALSE,FALSE
Stoker,2013,3,FALSE,FALSE,FALSE,FALSE
Strange World,2022,2.5,FALSE,FALSE,FALSE,FALSE
Strangers on a Train,1951,4,FALSE,FALSE,FALSE,FALSE
Stuart Little,1999,3,FALSE,FALSE,FALSE,FALSE
Suicide Squad,2016,2,FALSE,FALSE,FALSE,TRUE
Sunset Boulevard,1950,4,TRUE,TRUE,FALSE,FALSE
Sunshine,2007,4,FALSE,FALSE,FALSE,FALSE
Super 8,2011,3,FALSE,FALSE,FALSE,FALSE
Superbad,2007,4.5,FALSE,FALSE,TRUE,TRUE
Superman,2025,NULL,FALSE,FALSE,FALSE,TRUE
Surf's Up,2007,3.5,FALSE,FALSE,FALSE,FALSE
Suspiria,2018,2.5,FALSE,FALSE,FALSE,FALSE
Sweeney Todd: The Demon Barber of Fleet Street,2007,3.5,FALSE,FALSE,FALSE,FALSE
Sweet Smell of Success,1957,NULL,TRUE,FALSE,FALSE,FALSE
Swing Girls,2004,NULL,TRUE,FALSE,FALSE,FALSE
Tag,2018,3,FALSE,FALSE,FALSE,FALSE
Taken,2008,4,FALSE,FALSE,FALSE,FALSE
Taken 2,2012,2.5,FALSE,FALSE,FALSE,FALSE
Talk to Me,2022,3.5,FALSE,FALSE,FALSE,TRUE
Tampopo,1985,NULL,TRUE,FALSE,FALSE,FALSE
Tangled,2010,4.5,FALSE,FALSE,TRUE,TRUE
Tarzan,1999,3.5,FALSE,FALSE,FALSE,TRUE
Taste of Cherry,1997,NULL,TRUE,FALSE,FALSE,FALSE
Taxi Driver,1976,4.5,FALSE,TRUE,TRUE,TRUE
Ted,2012,3,FALSE,FALSE,FALSE,TRUE
Teenage Mutant Ninja Turtles,2014,2,FALSE,FALSE,FALSE,FALSE
Teenage Mutant Ninja Turtles: Mutant Mayhem,2023,4,FALSE,FALSE,FALSE,FALSE
Temple Grandin,2010,4,FALSE,FALSE,FALSE,FALSE
Tenet,2020,3.5,FALSE,FALSE,FALSE,TRUE
Terminator 2: Judgment Day,1991,4.5,TRUE,TRUE,TRUE,TRUE
Thanksgiving,2023,2.5,FALSE,FALSE,FALSE,FALSE
The 40 Year Old Virgin,2005,3.5,FALSE,FALSE,FALSE,FALSE
The 400 Blows,1959,NULL,TRUE,FALSE,FALSE,FALSE
The Accountant,2016,3.5,FALSE,FALSE,FALSE,FALSE
The Accountant?,2025,3,FALSE,FALSE,FALSE,FALSE
The Adam Project,2022,3,FALSE,FALSE,FALSE,FALSE
The Addams Family,1991,3.5,FALSE,FALSE,FALSE,FALSE
The Adventures of Sharkboy and Lavagirl,2005,2.5,FALSE,FALSE,FALSE,FALSE
The Adventures of Tintin,2011,3,FALSE,FALSE,FALSE,FALSE
The Age of Adaline,2015,3,FALSE,FALSE,FALSE,FALSE
The Amateur,2025,2.5,FALSE,FALSE,FALSE,FALSE
The Amazing Spider-Man,2012,3,FALSE,FALSE,FALSE,TRUE
The Amazing Spider-Man 2,2014,2.5,FALSE,FALSE,FALSE,TRUE
The Angry Birds Movie,2016,2.5,FALSE,FALSE,FALSE,FALSE
The Apartment,1960,4,TRUE,TRUE,FALSE,FALSE
The Ascent,1977,NULL,TRUE,FALSE,FALSE,FALSE
The Assassination of Jesse James by the Coward Robert Ford,2007,3.5,FALSE,FALSE,FALSE,FALSE
The Autopsy of Jane Doe,2016,3.5,FALSE,FALSE,FALSE,FALSE
The Avengers,2012,4.5,FALSE,FALSE,FALSE,TRUE
The Babadook,2014,NULL,FALSE,FALSE,FALSE,TRUE
The Babysitter,2017,3.5,FALSE,FALSE,FALSE,FALSE
The Bad Guys,2022,3.5,FALSE,FALSE,FALSE,FALSE
The Ballad of Buster Scruggs,2018,4,FALSE,FALSE,FALSE,FALSE
The Banshees of Inisherin,2022,4.5,FALSE,FALSE,FALSE,TRUE
The Batman,2022,4,FALSE,FALSE,TRUE,TRUE
The Battle of Algiers,1966,NULL,TRUE,TRUE,FALSE,FALSE
The Beekeeper,2024,3,FALSE,FALSE,FALSE,FALSE
The Benchwarmers,2006,2,FALSE,FALSE,FALSE,FALSE
The Best of Youth,2003,NULL,TRUE,FALSE,FALSE,FALSE
The Best Years of Our Lives,1946,NULL,TRUE,TRUE,FALSE,FALSE
The Big Lebowski,1998,5,FALSE,TRUE,TRUE,TRUE
The Big Short,2015,4,FALSE,FALSE,FALSE,TRUE
The Big Sick,2017,4,FALSE,FALSE,FALSE,FALSE
The Birds,1963,4,FALSE,FALSE,FALSE,FALSE
The Black Cauldron,1985,2.5,FALSE,FALSE,FALSE,FALSE
The Black Phone,2021,3,FALSE,FALSE,FALSE,TRUE
The Blair Witch Project,1999,NULL,FALSE,FALSE,FALSE,TRUE
The Blind Side,2009,2.5,FALSE,FALSE,FALSE,FALSE
The Blues Brothers,1980,4,FALSE,FALSE,FALSE,FALSE
The Book of Eli,2010,3.5,FALSE,FALSE,FALSE,FALSE
The Book of Life,2014,2.5,FALSE,FALSE,FALSE,FALSE
The Boss Baby,2017,2.5,FALSE,FALSE,FALSE,FALSE
The Bourne Identity,2002,4.5,FALSE,FALSE,FALSE,FALSE
The Bourne Supremacy,2004,4,FALSE,FALSE,FALSE,FALSE
The Bourne Ultimatum,2007,4,FALSE,FALSE,FALSE,FALSE
The Boy and the Heron,2023,NULL,FALSE,FALSE,FALSE,TRUE
The Boy in the Striped Pyjamas,2008,NULL,FALSE,FALSE,FALSE,TRUE
The Breakfast Club,1985,4.5,FALSE,FALSE,TRUE,TRUE
The Bridge on the River Kwai,1957,NULL,TRUE,TRUE,FALSE,FALSE
The Bucket List,2007,3,FALSE,FALSE,FALSE,FALSE
The Butterfly Effect,2004,3.5,FALSE,FALSE,FALSE,FALSE
The Cabin in the Woods,2011,4,FALSE,FALSE,FALSE,TRUE
The Cat in the Hat,2003,0.5,FALSE,FALSE,FALSE,FALSE
The Celebration,1998,NULL,TRUE,FALSE,FALSE,FALSE
The Chaos Class Failed the Class,1975,NULL,FALSE,TRUE,FALSE,FALSE
The Chronicles of Narnia: Prince Caspian,2008,3.5,FALSE,FALSE,FALSE,FALSE
"The Chronicles of Narnia: The Lion, the Witch and the Wardrobe",2005,4,FALSE,FALSE,FALSE,TRUE
The Chronicles of Narnia: The Voyage of the Dawn Treader,2010,3,FALSE,FALSE,FALSE,FALSE
The Commuter,2018,3,FALSE,FALSE,FALSE,FALSE
The Conjuring,2013,3.5,FALSE,FALSE,FALSE,TRUE
The Conjuring 2,2016,3.5,FALSE,FALSE,FALSE,TRUE
The Conjuring: The Devil Made Me Do It,2021,3.5,FALSE,FALSE,FALSE,FALSE
The Conversation,1974,3.5,FALSE,FALSE,FALSE,FALSE
The Cranes Are Flying,1957,NULL,TRUE,FALSE,FALSE,FALSE
The Creator,2023,3.5,FALSE,FALSE,FALSE,FALSE
The Cremator,1969,NULL,TRUE,FALSE,FALSE,FALSE
The Croods,2013,2.5,FALSE,FALSE,FALSE,FALSE
The Crow,1994,3.5,FALSE,FALSE,FALSE,FALSE
The Curious Case of Benjamin Button,2008,3.5,FALSE,FALSE,FALSE,TRUE
The Dark Knight,2008,5,TRUE,TRUE,TRUE,TRUE
The Dark Knight Rises,2012,4,FALSE,TRUE,FALSE,TRUE
The Deer Hunter,1978,NULL,FALSE,TRUE,FALSE,FALSE
The Departed,2006,5,TRUE,TRUE,TRUE,TRUE
The Descendants,2011,4,FALSE,FALSE,FALSE,FALSE
The Descent,2005,4,FALSE,FALSE,FALSE,FALSE
The Devil All the Time,2020,3.5,FALSE,FALSE,FALSE,FALSE
The Devil Wears Prada,2006,3.5,FALSE,FALSE,TRUE,TRUE
The Devil's Advocate,1997,3.5,FALSE,FALSE,FALSE,FALSE
The Disappearance of Haruhi Suzumiya,2010,NULL,TRUE,FALSE,FALSE,FALSE
The Disaster Artist,2017,4,FALSE,FALSE,FALSE,FALSE
The Edge of Seventeen,2016,4,FALSE,FALSE,FALSE,TRUE
The Elephant Man,1980,NULL,TRUE,TRUE,FALSE,FALSE
The Emperor's New Groove,2000,4.5,FALSE,FALSE,FALSE,TRUE
The Empire Strikes Back,1980,5,TRUE,TRUE,TRUE,TRUE
The Empty Man,2020,3.5,FALSE,FALSE,FALSE,FALSE
The Equalizer,2014,3.5,FALSE,FALSE,FALSE,FALSE
The Equalizer 2,2018,3,FALSE,FALSE,FALSE,FALSE
The Equalizer 3,2023,3,FALSE,FALSE,FALSE,FALSE
The Exorcist,1973,NULL,FALSE,TRUE,FALSE,TRUE
The Face of Another,1966,NULL,TRUE,FALSE,FALSE,FALSE
The Falcon and the Winter Soldier,2021,3,FALSE,FALSE,FALSE,FALSE
The Fall Guy,2024,3.5,FALSE,FALSE,FALSE,TRUE
The Farewell,2019,4,FALSE,FALSE,FALSE,FALSE
The Fast and the Furious,2001,NULL,FALSE,FALSE,FALSE,TRUE
The Father,2020,NULL,TRUE,TRUE,FALSE,FALSE
The Fault in Our Stars,2014,3.5,FALSE,FALSE,FALSE,TRUE
The Favourite,2018,NULL,FALSE,FALSE,FALSE,TRUE
The Firm,1993,3,FALSE,FALSE,FALSE,FALSE
The First Omen,2024,3.5,FALSE,FALSE,FALSE,FALSE
The First Slam Dunk,2022,NULL,TRUE,FALSE,FALSE,FALSE
The Florida Project,2017,4,FALSE,FALSE,TRUE,TRUE
The Fly,1986,4,FALSE,FALSE,FALSE,FALSE
The French Dispatch,2021,NULL,FALSE,FALSE,FALSE,TRUE
The Fugitive,1993,4,FALSE,FALSE,FALSE,FALSE
The Game,1997,3.5,FALSE,FALSE,FALSE,FALSE
The Game Plan,2007,2.5,FALSE,FALSE,FALSE,FALSE
The General,1926,NULL,FALSE,TRUE,FALSE,FALSE
The Gentlemen,2019,3.5,FALSE,FALSE,FALSE,FALSE
The Gift,2015,3.5,FALSE,FALSE,FALSE,FALSE
The Girl Next Door,2004,3,FALSE,FALSE,FALSE,FALSE
The Girl with the Dragon Tattoo,2011,4,FALSE,FALSE,FALSE,FALSE
The Godfather,1972,4.5,TRUE,TRUE,TRUE,TRUE
The Godfather Part II,1974,4.5,TRUE,TRUE,TRUE,TRUE
The Gold Rush,1925,NULL,FALSE,TRUE,FALSE,FALSE
The Good Dinosaur,2015,2.5,FALSE,FALSE,FALSE,FALSE
"The Good, the Bad and the Ugly",1966,5,TRUE,TRUE,TRUE,FALSE
The Goonies,1985,3.5,FALSE,FALSE,FALSE,FALSE
The Gorge,2025,3,FALSE,FALSE,FALSE,FALSE
The Graduate,1967,4,FALSE,FALSE,FALSE,FALSE
The Grand Budapest Hotel,2014,4,TRUE,TRUE,TRUE,TRUE
The Grapes of Wrath,1940,NULL,FALSE,TRUE,FALSE,FALSE
The Gray Man,2022,2,FALSE,FALSE,FALSE,FALSE
The Great Dictator,1940,NULL,TRUE,TRUE,FALSE,FALSE
The Great Escape,1963,4,FALSE,TRUE,FALSE,FALSE
The Great Gatsby,2013,3,FALSE,FALSE,FALSE,TRUE
The Greatest Showman,2017,2.5,FALSE,FALSE,TRUE,TRUE
The Green Mile,1999,4.5,TRUE,TRUE,TRUE,TRUE
The Grinch,2018,2.5,FALSE,FALSE,FALSE,FALSE
The Guardians of the Galaxy Holiday Special,2022,3.5,FALSE,FALSE,FALSE,FALSE
The Handmaiden,2016,4,TRUE,TRUE,TRUE,FALSE
The Hangover,2009,4,FALSE,FALSE,FALSE,TRUE
The Hangover Part II,2011,3,FALSE,FALSE,FALSE,FALSE
The Harder They Fall,2021,3,FALSE,FALSE,FALSE,FALSE
The Hateful Eight,2015,4,FALSE,FALSE,FALSE,TRUE
The Haunting of Bly Manor,2020,3.5,FALSE,FALSE,FALSE,FALSE
The Haunting of Hill House,2018,4.5,FALSE,FALSE,FALSE,FALSE
The Help,2011,4,FALSE,TRUE,FALSE,FALSE
The Hitchhiker's Guide to the Galaxy,2005,3,FALSE,FALSE,FALSE,FALSE
The Hitman's Bodyguard,2017,3,FALSE,FALSE,FALSE,FALSE
The Hobbit: An Unexpected Journey,2012,3.5,FALSE,FALSE,FALSE,TRUE
The Hobbit: The Battle of the Five Armies,2014,3,FALSE,FALSE,FALSE,TRUE
The Hobbit: The Desolation of Smaug,2013,3.5,FALSE,FALSE,FALSE,TRUE
The Holdovers,2023,4,TRUE,FALSE,TRUE,TRUE
The Holiday,2006,3,FALSE,FALSE,FALSE,TRUE
The Host,2006,3.5,FALSE,FALSE,FALSE,FALSE
The Human Condition I: No Greater Love,1959,NULL,TRUE,FALSE,FALSE,FALSE
The Human Condition II: Road to Eternity,1959,NULL,TRUE,FALSE,FALSE,FALSE
The Human Condition III: A Soldier's Prayer,1961,NULL,TRUE,FALSE,FALSE,FALSE
The Hunger Games,2012,4,FALSE,FALSE,TRUE,TRUE
The Hunger Games: Catching Fire,2013,4,FALSE,FALSE,TRUE,TRUE
The Hunger Games: Mockingjay ? Part 1,2014,2.5,FALSE,FALSE,FALSE,FALSE
The Hunger Games: Mockingjay ? Part 2,2015,3,FALSE,FALSE,FALSE,FALSE
The Hunger Games: The Ballad of Songbirds & Snakes,2023,4,FALSE,FALSE,FALSE,TRUE
The Hunt,2012,NULL,TRUE,TRUE,FALSE,FALSE
The Hunt,2020,3.5,FALSE,FALSE,FALSE,FALSE
The Hurt Locker,2008,3,FALSE,FALSE,FALSE,FALSE
The Imitation Game,2014,4,FALSE,FALSE,FALSE,TRUE
The Incredible Hulk,2008,2.5,FALSE,FALSE,FALSE,TRUE
The Incredibles,2004,5,FALSE,TRUE,FALSE,TRUE
The Intern,2015,3.5,FALSE,FALSE,FALSE,FALSE
The Internship,2013,3,FALSE,FALSE,FALSE,FALSE
The Intouchables,2011,NULL,FALSE,TRUE,FALSE,TRUE
The Invisible Man,2020,3.5,FALSE,FALSE,FALSE,FALSE
The Invitation,2015,3.5,FALSE,FALSE,FALSE,FALSE
The Irishman,2019,3.5,FALSE,FALSE,FALSE,TRUE
The Iron Claw,2023,4.5,FALSE,FALSE,FALSE,TRUE
The Iron Giant,1999,4,TRUE,TRUE,FALSE,FALSE
The Italian Job,2003,3,FALSE,FALSE,FALSE,FALSE
The Jungle Book,1967,3.5,FALSE,FALSE,FALSE,FALSE
The Jungle Book,2016,3.5,FALSE,FALSE,FALSE,FALSE
The Karate Kid,1984,3.5,FALSE,FALSE,FALSE,FALSE
The Karate Kid,2010,2.5,FALSE,FALSE,FALSE,FALSE
The Kid,1921,3.5,FALSE,TRUE,FALSE,FALSE
The Killer,2023,3.5,FALSE,FALSE,FALSE,FALSE
The Killing of a Sacred Deer,2017,3.5,FALSE,FALSE,FALSE,FALSE
The King,2019,3.5,FALSE,FALSE,FALSE,FALSE
The King of Comedy,1982,NULL,TRUE,FALSE,FALSE,FALSE
The King's Man,2021,3,FALSE,FALSE,FALSE,FALSE
The Last Samurai,2003,3.5,FALSE,FALSE,FALSE,FALSE
The Lego Batman Movie,2017,4,FALSE,FALSE,TRUE,TRUE
The Lego Movie,2014,4,FALSE,FALSE,FALSE,TRUE
The Lego Movie 2: The Second Part,2019,3,FALSE,FALSE,FALSE,FALSE
The Life and Death of Colonel Blimp,1943,NULL,TRUE,FALSE,FALSE,FALSE
The Lighthouse,2019,4,FALSE,FALSE,TRUE,TRUE
The Lion King,1994,5,FALSE,TRUE,TRUE,TRUE
The Lion King,2019,2.5,FALSE,FALSE,FALSE,TRUE
The Lion King 1?,2004,3.5,FALSE,FALSE,FALSE,FALSE
The Little Mermaid,1989,3.5,FALSE,FALSE,FALSE,TRUE
The Little Things,2021,2.5,FALSE,FALSE,FALSE,FALSE
The Lives of Others,2006,NULL,TRUE,TRUE,FALSE,FALSE
The Lobster,2015,3.5,FALSE,FALSE,FALSE,TRUE
The Lodge,2019,3,FALSE,FALSE,FALSE,FALSE
The Lone Ranger,2013,3,FALSE,FALSE,FALSE,FALSE
The Lorax,2012,3,FALSE,FALSE,FALSE,FALSE
The Lord of the Rings: The Fellowship of the Ring,2001,5,TRUE,TRUE,TRUE,TRUE
The Lord of the Rings: The Return of the King,2003,5,TRUE,TRUE,TRUE,TRUE
The Lord of the Rings: The Two Towers,2002,5,TRUE,TRUE,TRUE,TRUE
The Losers,2010,3,FALSE,FALSE,FALSE,FALSE
The Lost Boys,1987,3.5,FALSE,FALSE,FALSE,FALSE
The Lost City of Z,2016,3,FALSE,FALSE,FALSE,FALSE
The Lost World: Jurassic Park,1997,3,FALSE,FALSE,FALSE,FALSE
The Maltese Falcon,1941,3.5,FALSE,FALSE,FALSE,FALSE
The Man from U.N.C.L.E.,2015,3.5,FALSE,FALSE,FALSE,FALSE
The Man Who Shot Liberty Valance,1962,NULL,TRUE,FALSE,FALSE,FALSE
The Martian,2015,4,FALSE,FALSE,FALSE,TRUE
The Marvels,2023,3.5,FALSE,FALSE,FALSE,FALSE
The Mask,1994,3,FALSE,FALSE,FALSE,TRUE
The Master,2012,4,FALSE,FALSE,FALSE,FALSE
The Matrix,1999,5,FALSE,TRUE,TRUE,TRUE
The Matrix Reloaded,2003,3.5,FALSE,FALSE,FALSE,TRUE
The Matrix Revolutions,2003,2.5,FALSE,FALSE,FALSE,FALSE
The Maze Runner,2014,3,FALSE,FALSE,FALSE,TRUE
The Meg,2018,2.5,FALSE,FALSE,FALSE,FALSE
The Menu,2022,3.5,FALSE,FALSE,FALSE,TRUE
The Mist,2007,4,FALSE,FALSE,FALSE,FALSE
The Mitchells vs. the Machines,2021,4.5,FALSE,FALSE,FALSE,FALSE
The Monkey King,2023,2,FALSE,FALSE,FALSE,FALSE
The Mummy,1999,3,FALSE,FALSE,FALSE,TRUE
The Muppets,2011,3,FALSE,FALSE,FALSE,FALSE
The Negotiator,1998,3,FALSE,FALSE,FALSE,FALSE
The Next Three Days,2010,2.5,FALSE,FALSE,FALSE,FALSE
The Nice Guys,2016,4,FALSE,FALSE,FALSE,TRUE
The Night House,2020,4,FALSE,FALSE,FALSE,FALSE
The Night of the Hunter,1955,3,TRUE,FALSE,FALSE,FALSE
The Nightmare Before Christmas,1993,3.5,FALSE,FALSE,TRUE,TRUE
The Northman,2022,4,FALSE,FALSE,FALSE,FALSE
The Notebook,2004,NULL,FALSE,FALSE,TRUE,TRUE
The Nut Job,2014,2,FALSE,FALSE,FALSE,FALSE
The Old Guard,2020,2.5,FALSE,FALSE,FALSE,FALSE
The Other Guys,2010,4,FALSE,FALSE,FALSE,FALSE
The Others,2001,4,FALSE,FALSE,FALSE,FALSE
The Outfit,2022,3.5,FALSE,FALSE,FALSE,FALSE
The Pacifier,2005,2,FALSE,FALSE,FALSE,FALSE
The Pale Blue Eye,2022,2.5,FALSE,FALSE,FALSE,FALSE
The Parent Trap,1998,3,FALSE,FALSE,TRUE,TRUE
The Passion of Joan of Arc,1928,NULL,TRUE,TRUE,FALSE,FALSE
The Peanut Butter Falcon,2019,4,FALSE,FALSE,FALSE,FALSE
The Peanuts Movie,2015,3,FALSE,FALSE,FALSE,FALSE
The Perks of Being a Wallflower,2012,4.5,FALSE,FALSE,TRUE,TRUE
The Pianist,2002,NULL,TRUE,TRUE,TRUE,TRUE
The Platform,2019,3,FALSE,FALSE,FALSE,TRUE
The Polar Express,2004,4,FALSE,FALSE,FALSE,TRUE
The Pope's Exorcist,2023,2.5,FALSE,FALSE,FALSE,FALSE
The Post,2017,3,FALSE,FALSE,FALSE,FALSE
The Prestige,2006,4.5,TRUE,TRUE,TRUE,TRUE
The Princess and the Frog,2009,3.5,FALSE,FALSE,FALSE,TRUE
The Princess Bride,1987,5,FALSE,FALSE,TRUE,TRUE
The Princess Diaries,2001,3.5,FALSE,FALSE,FALSE,TRUE
The Princess Diaries 2: Royal Engagement,2004,3,FALSE,FALSE,FALSE,FALSE
The Proposal,2009,4,FALSE,FALSE,FALSE,TRUE
The Purge,2013,2,FALSE,FALSE,FALSE,TRUE
The Pursuit of Happyness,2006,NULL,FALSE,FALSE,FALSE,TRUE
The Queen's Gambit,2020,5,FALSE,FALSE,FALSE,TRUE
The Raid,2011,4,FALSE,FALSE,FALSE,FALSE
The Raid 2,2014,4.5,FALSE,FALSE,FALSE,FALSE
The Red Shoes,1948,NULL,TRUE,FALSE,FALSE,FALSE
The Revenant,2015,4.5,FALSE,FALSE,FALSE,TRUE
The Ring,2002,3.5,FALSE,FALSE,FALSE,FALSE
The Ritual,2017,3.5,FALSE,FALSE,FALSE,FALSE
The Rock,1996,4,FALSE,FALSE,FALSE,FALSE
The Rocky Horror Picture Show,1975,NULL,FALSE,FALSE,TRUE,FALSE
The Royal Tenenbaums,2001,4,FALSE,FALSE,TRUE,TRUE
The Sacrifice,1986,NULL,TRUE,FALSE,FALSE,FALSE
The Sandlot,1993,4,FALSE,FALSE,FALSE,FALSE
The Santa Clause 3: The Escape Clause,2006,2.5,FALSE,FALSE,FALSE,FALSE
The Sea Beast,2022,3.5,FALSE,FALSE,FALSE,FALSE
The Secret in Their Eyes,2009,4.5,FALSE,TRUE,FALSE,FALSE
The Secret Life of Pets,2016,3,FALSE,FALSE,FALSE,FALSE
The Secret Life of Walter Mitty,2013,4,FALSE,FALSE,TRUE,FALSE
The Seventh Seal,1957,NULL,TRUE,TRUE,FALSE,FALSE
The Shallows,2016,3.5,FALSE,FALSE,FALSE,FALSE
The Shape of Water,2017,3,FALSE,FALSE,FALSE,TRUE
The Shawshank Redemption,1994,5,TRUE,TRUE,TRUE,TRUE
The Shining,1980,4.5,TRUE,TRUE,TRUE,TRUE
The Silence of the Lambs,1991,5,TRUE,TRUE,TRUE,TRUE
The Simpsons Movie,2007,NULL,FALSE,FALSE,FALSE,TRUE
The Sixth Sense,1999,3.5,FALSE,TRUE,FALSE,TRUE
The Smurfs,2011,2,FALSE,FALSE,FALSE,FALSE
The Smurfs 2,2013,1,FALSE,FALSE,FALSE,FALSE
The Social Network,2010,5,FALSE,FALSE,TRUE,TRUE
The Sorcerer's Apprentice,2010,3.5,FALSE,FALSE,FALSE,FALSE
The Sound of Music,1965,4,FALSE,TRUE,TRUE,FALSE
The Spiderwick Chronicles,2008,3,FALSE,FALSE,FALSE,FALSE
The SpongeBob SquarePants Movie,2004,3,FALSE,FALSE,FALSE,FALSE
The Sting,1973,4,FALSE,TRUE,FALSE,FALSE
The Strangers,2008,3.5,FALSE,FALSE,FALSE,FALSE
The Substance,2024,NULL,FALSE,FALSE,TRUE,TRUE
The Suicide Squad,2021,4,FALSE,FALSE,FALSE,TRUE
The Super Mario Bros. Movie,2023,3.5,FALSE,FALSE,FALSE,TRUE
The Sword in the Stone,1963,2.5,FALSE,FALSE,FALSE,FALSE
The Tale of The Princess Kaguya,2013,NULL,TRUE,FALSE,FALSE,FALSE
The Talented Mr. Ripley,1999,4,FALSE,FALSE,FALSE,FALSE
The Terminal,2004,4,FALSE,FALSE,FALSE,FALSE
The Terminator,1984,4,FALSE,TRUE,FALSE,TRUE
The Texas Chain Saw Massacre,1974,NULL,FALSE,FALSE,TRUE,TRUE
The Theory of Everything,2014,3.5,FALSE,FALSE,FALSE,TRUE
The Thing,1982,4.5,TRUE,TRUE,TRUE,TRUE
The Thing,2011,3,FALSE,FALSE,FALSE,FALSE
The Third Man,1949,4,TRUE,TRUE,FALSE,FALSE
The Tigger Movie,2000,3,FALSE,FALSE,FALSE,FALSE
The Tomorrow War,2021,3,FALSE,FALSE,FALSE,FALSE
The Town,2010,3.5,FALSE,FALSE,FALSE,FALSE
The Transporter,2002,3.5,FALSE,FALSE,FALSE,FALSE
The Treasure of the Sierra Madre,1948,NULL,TRUE,TRUE,FALSE,FALSE
The Trial of the Chicago 7,2020,4,FALSE,FALSE,FALSE,FALSE
The Truman Show,1998,4.5,FALSE,TRUE,TRUE,TRUE
The Twilight Saga: Breaking Dawn ? Part 1,2011,2,FALSE,FALSE,FALSE,FALSE
The Twilight Saga: Breaking Dawn ? Part 2,2012,NULL,FALSE,FALSE,FALSE,FALSE
The Twilight Saga: Eclipse,2010,2,FALSE,FALSE,FALSE,TRUE
The Twilight Saga: New Moon,2009,2,FALSE,FALSE,FALSE,TRUE
The Unbearable Weight of Massive Talent,2022,3.5,FALSE,FALSE,FALSE,FALSE
The Untouchables,1987,3.5,FALSE,FALSE,FALSE,FALSE
The Usual Suspects,1995,4.5,FALSE,TRUE,FALSE,TRUE
The Vast of Night,2019,3.5,FALSE,FALSE,FALSE,FALSE
The Village,2004,3.5,FALSE,FALSE,FALSE,FALSE
The Virgin Suicides,1999,NULL,FALSE,FALSE,TRUE,TRUE
The Visit,2015,4,FALSE,FALSE,FALSE,FALSE
The Wages of Fear,1953,NULL,TRUE,TRUE,FALSE,FALSE
The Wailing,2016,4.5,FALSE,FALSE,FALSE,FALSE
The Watchers,2024,2.5,FALSE,FALSE,FALSE,FALSE
The Whale,2022,NULL,FALSE,FALSE,FALSE,TRUE
The Wild,2006,1.5,FALSE,FALSE,FALSE,FALSE
The Wild Robot,2024,4.5,FALSE,TRUE,FALSE,TRUE
The Witch,2015,4,FALSE,FALSE,TRUE,TRUE
The Wizard of Oz,1939,3.5,FALSE,TRUE,FALSE,TRUE
The Wolf of Wall Street,2013,4,FALSE,TRUE,TRUE,TRUE
The Wolverine,2013,3.5,FALSE,FALSE,FALSE,FALSE
The World's End,2013,3.5,FALSE,FALSE,FALSE,FALSE
The Worst Person in the World,2021,4.5,FALSE,FALSE,TRUE,FALSE
The Wrestler,2008,4,FALSE,FALSE,FALSE,FALSE
The Young Girls of Rochefort,1967,NULL,TRUE,FALSE,FALSE,FALSE
The Zone of Interest,2023,NULL,FALSE,FALSE,FALSE,TRUE
Theater Camp,2023,3.5,FALSE,FALSE,FALSE,FALSE
Thelma,2024,4.5,FALSE,FALSE,FALSE,FALSE
Then Came You,2018,3,FALSE,FALSE,FALSE,FALSE
There Will Be Blood,2007,4.5,TRUE,TRUE,TRUE,TRUE
They Cloned Tyrone,2023,3.5,FALSE,FALSE,FALSE,FALSE
This Is the End,2013,3.5,FALSE,FALSE,FALSE,FALSE
This Is Where I Leave You,2014,3,FALSE,FALSE,FALSE,FALSE
Thor,2011,3,FALSE,FALSE,FALSE,TRUE
Thor: Love and Thunder,2022,2.5,FALSE,FALSE,FALSE,TRUE
Thor: Ragnarok,2017,4,FALSE,FALSE,FALSE,TRUE
Thor: The Dark World,2013,2,FALSE,FALSE,FALSE,TRUE
?Three Amigos!,1986,3,FALSE,FALSE,FALSE,FALSE
"Three Billboards Outside Ebbing, Missouri",2017,4.5,FALSE,TRUE,FALSE,TRUE
Three Colours: Red,1994,NULL,TRUE,FALSE,FALSE,FALSE
Three Identical Strangers,2018,4,FALSE,FALSE,FALSE,FALSE
Three Thousand Years of Longing,2022,3.5,FALSE,FALSE,FALSE,FALSE
Throne of Blood,1957,NULL,TRUE,FALSE,FALSE,FALSE
Thunderbolts*,2025,4,FALSE,FALSE,FALSE,TRUE
"tick, tick... BOOM!",2021,NULL,FALSE,FALSE,FALSE,TRUE
Tiger King,2020,3,FALSE,FALSE,FALSE,FALSE
Tinker Tailor Soldier Spy,2011,3,FALSE,FALSE,FALSE,FALSE
Titane,2021,3.5,FALSE,FALSE,FALSE,FALSE
Titanic,1997,4,FALSE,FALSE,TRUE,TRUE
To All the Boys I've Loved Before,2018,NULL,FALSE,FALSE,FALSE,TRUE
To Be or Not to Be,1942,NULL,TRUE,TRUE,FALSE,FALSE
To Kill a Mockingbird,1962,NULL,FALSE,TRUE,FALSE,FALSE
Tokyo Godfathers,2003,NULL,TRUE,FALSE,FALSE,FALSE
Tokyo Story,1953,NULL,TRUE,TRUE,FALSE,FALSE
Tommy Boy,1995,3.5,FALSE,FALSE,FALSE,FALSE
Tooth Fairy,2010,2,FALSE,FALSE,FALSE,FALSE
Top Gun,1986,3,FALSE,FALSE,FALSE,TRUE
Top Gun: Maverick,2022,4.5,FALSE,TRUE,TRUE,TRUE
Total Recall,1990,3.5,FALSE,FALSE,FALSE,FALSE
Totally Killer,2023,3,FALSE,FALSE,FALSE,FALSE
Toy Story,1995,4.5,FALSE,TRUE,FALSE,TRUE
Toy Story 2,1999,4.5,FALSE,FALSE,FALSE,TRUE
Toy Story 3,2010,5,FALSE,TRUE,FALSE,TRUE
Toy Story 4,2019,3,FALSE,FALSE,FALSE,TRUE
T?R,2022,4,FALSE,FALSE,FALSE,FALSE
Train to Busan,2016,3.5,FALSE,FALSE,FALSE,TRUE
Training Day,2001,4,FALSE,FALSE,FALSE,FALSE
Trainspotting,1996,4,FALSE,TRUE,TRUE,TRUE
Transformers,2007,3,FALSE,FALSE,FALSE,TRUE
Transformers: Age of Extinction,2014,2,FALSE,FALSE,FALSE,FALSE
Transformers: Dark of the Moon,2011,2.5,FALSE,FALSE,FALSE,FALSE
Transformers: Revenge of the Fallen,2009,2,FALSE,FALSE,FALSE,FALSE
Transformers: Rise of the Beasts,2023,2.5,FALSE,FALSE,FALSE,FALSE
Trap,2024,3,FALSE,FALSE,FALSE,FALSE
Treasure Planet,2002,3.5,FALSE,FALSE,FALSE,FALSE
Tremors,1990,3.5,FALSE,FALSE,FALSE,FALSE
Triangle of Sadness,2022,4,FALSE,FALSE,FALSE,FALSE
Trick 'r Treat,2007,4,FALSE,FALSE,FALSE,FALSE
Trolls,2016,2,FALSE,FALSE,FALSE,FALSE
TRON: Legacy,2010,3.5,FALSE,FALSE,FALSE,FALSE
Tropic Thunder,2008,3.5,FALSE,FALSE,FALSE,FALSE
True Grit,2010,4,FALSE,FALSE,FALSE,FALSE
True Lies,1994,2.5,FALSE,FALSE,FALSE,FALSE
True Romance,1993,3.5,FALSE,FALSE,FALSE,FALSE
Turbo,2013,2,FALSE,FALSE,FALSE,FALSE
Turning Red,2022,2.5,FALSE,FALSE,FALSE,TRUE
Twelve Monkeys,1995,3.5,FALSE,FALSE,FALSE,FALSE
Twilight,2008,2.5,FALSE,FALSE,TRUE,TRUE
Twin Peaks: Fire Walk with Me,1992,NULL,TRUE,FALSE,TRUE,FALSE
Twister,1996,4,FALSE,FALSE,FALSE,FALSE
Twisters,2024,3.5,FALSE,FALSE,FALSE,TRUE
Ugetsu,1953,NULL,TRUE,FALSE,FALSE,FALSE
Umberto D.,1952,NULL,TRUE,FALSE,FALSE,FALSE
Unbreakable,2000,4,FALSE,FALSE,FALSE,FALSE
Uncharted,2022,2.5,FALSE,FALSE,FALSE,FALSE
Uncut Gems,2019,4,FALSE,FALSE,FALSE,TRUE
Under the Silver Lake,2018,3.5,FALSE,FALSE,FALSE,FALSE
Underground,1995,NULL,TRUE,FALSE,FALSE,FALSE
Unforgiven,1992,3.5,FALSE,TRUE,FALSE,FALSE
Unhinged,2020,2.5,FALSE,FALSE,FALSE,FALSE
Unstoppable,2010,3,FALSE,FALSE,FALSE,FALSE
Up,2009,5,FALSE,TRUE,FALSE,TRUE
Upgrade,2018,3.5,FALSE,FALSE,FALSE,FALSE
Uptown Girls,2003,NULL,FALSE,FALSE,TRUE,FALSE
Us,2019,3.5,FALSE,FALSE,FALSE,TRUE
V for Vendetta,2005,4,FALSE,TRUE,FALSE,TRUE
Venom,2018,2.5,FALSE,FALSE,FALSE,TRUE
Venom: Let There Be Carnage,2021,NULL,FALSE,FALSE,FALSE,TRUE
Vertigo,1958,4,TRUE,TRUE,TRUE,FALSE
Vice,2018,3.5,FALSE,FALSE,FALSE,FALSE
Violent Night,2022,3,FALSE,FALSE,FALSE,FALSE
Wallace & Gromit: The Curse of the Were-Rabbit,2005,3.5,FALSE,FALSE,FALSE,FALSE
WALL?E,2008,5,FALSE,FALSE,FALSE,FALSE
WandaVision,2021,4,FALSE,FALSE,FALSE,TRUE
War Dogs,2016,4,FALSE,FALSE,FALSE,FALSE
War for the Planet of the Apes,2017,4,FALSE,FALSE,FALSE,FALSE
War Horse,2011,3.5,FALSE,FALSE,FALSE,FALSE
War of the Worlds,2005,3.5,FALSE,FALSE,FALSE,FALSE
Warcraft,2016,2.5,FALSE,FALSE,FALSE,FALSE
WarGames,1983,3.5,FALSE,FALSE,FALSE,FALSE
Warrior,2011,NULL,FALSE,TRUE,FALSE,FALSE
Watcher,2022,3.5,FALSE,FALSE,FALSE,FALSE
Watchmen,2009,3.5,FALSE,FALSE,FALSE,FALSE
Waves,2019,4.5,FALSE,FALSE,TRUE,FALSE
We All Loved Each Other So Much,1974,NULL,TRUE,FALSE,FALSE,FALSE
We Bought a Zoo,2011,3,FALSE,FALSE,FALSE,FALSE
We Need to Talk About Kevin,2011,3.5,FALSE,FALSE,FALSE,FALSE
Wedding Crashers,2005,3.5,FALSE,FALSE,FALSE,FALSE
Werckmeister Harmonies,2000,NULL,TRUE,FALSE,FALSE,FALSE
We're the Millers,2013,3,FALSE,FALSE,FALSE,TRUE
Werewolf by Night,2022,4,FALSE,FALSE,FALSE,FALSE
What If,2013,4,FALSE,FALSE,FALSE,FALSE
What's Eating Gilbert Grape,1993,4,FALSE,FALSE,FALSE,FALSE
When Harry Met Sally...,1989,5,FALSE,FALSE,TRUE,TRUE
Where Is the Friend's House?,1987,NULL,TRUE,FALSE,FALSE,FALSE
Where the Crawdads Sing,2022,3.5,FALSE,FALSE,FALSE,FALSE
Whiplash,2014,5,TRUE,TRUE,TRUE,TRUE
Whisper of the Heart,1995,NULL,FALSE,FALSE,TRUE,FALSE
White Chicks,2004,NULL,FALSE,FALSE,TRUE,TRUE
White House Down,2013,2.5,FALSE,FALSE,FALSE,FALSE
Who's Afraid of Virginia Woolf?,1966,NULL,TRUE,FALSE,FALSE,FALSE
Wicked,2024,NULL,FALSE,FALSE,TRUE,TRUE
Wicked Little Letters,2023,3.5,FALSE,FALSE,FALSE,FALSE
Wild Strawberries,1957,NULL,TRUE,TRUE,FALSE,FALSE
Wild Tales,2014,NULL,FALSE,TRUE,FALSE,FALSE
Willy Wonka & the Chocolate Factory,1971,4,FALSE,FALSE,FALSE,TRUE
Wind River,2017,4,FALSE,FALSE,FALSE,FALSE
Wings of Desire,1987,NULL,TRUE,FALSE,FALSE,FALSE
Winter Light,1963,NULL,TRUE,FALSE,FALSE,FALSE
Witness for the Prosecution,1957,4,TRUE,TRUE,FALSE,FALSE
Wolfs,2024,3,FALSE,FALSE,FALSE,FALSE
Woman in the Dunes,1964,NULL,TRUE,FALSE,FALSE,FALSE
Wonder,2017,3.5,FALSE,FALSE,FALSE,FALSE
Wonder Woman,2017,3.5,FALSE,FALSE,FALSE,TRUE
Wonder Woman 1984,2020,2,FALSE,FALSE,FALSE,FALSE
Wonka,2023,2.5,FALSE,FALSE,FALSE,TRUE
World War Z,2013,3.5,FALSE,FALSE,FALSE,TRUE
Wrath of Man,2021,3,FALSE,FALSE,FALSE,FALSE
Wreck-It Ralph,2012,4,FALSE,FALSE,FALSE,TRUE
X,2022,3.5,FALSE,FALSE,FALSE,TRUE
X2,2003,4,FALSE,FALSE,FALSE,FALSE
X-Men,2000,3.5,FALSE,FALSE,FALSE,TRUE
X-Men Origins: Wolverine,2009,3,FALSE,FALSE,FALSE,FALSE
X-Men: Apocalypse,2016,2,FALSE,FALSE,FALSE,TRUE
X-Men: Days of Future Past,2014,4,FALSE,FALSE,FALSE,TRUE
X-Men: First Class,2011,4,FALSE,FALSE,FALSE,TRUE
X-Men: The Last Stand,2006,2.5,FALSE,FALSE,FALSE,FALSE
Y Tu Mam? Tambi?n,2001,NULL,FALSE,FALSE,FALSE,FALSE
Yi Yi,2000,NULL,TRUE,FALSE,FALSE,FALSE
Yogi Bear,2010,1.5,FALSE,FALSE,FALSE,FALSE
Yojimbo,1961,4,TRUE,TRUE,FALSE,FALSE
You Were Never Really Here,2017,3,FALSE,FALSE,FALSE,FALSE
Your Name.,2016,4.5,FALSE,TRUE,TRUE,TRUE
You're Next,2011,3.5,FALSE,FALSE,FALSE,FALSE
"Yours, Mine & Ours",2005,3,FALSE,FALSE,FALSE,FALSE
You've Got Mail,1998,4,FALSE,FALSE,FALSE,FALSE
Z,1969,NULL,TRUE,FALSE,FALSE,FALSE
Zack Snyder's Justice League,2021,4,FALSE,FALSE,FALSE,FALSE
Zathura: A Space Adventure,2005,3.5,FALSE,FALSE,FALSE,FALSE
Zodiac,2007,4.5,FALSE,FALSE,FALSE,TRUE
Zombieland,2009,4,FALSE,FALSE,FALSE,TRUE
Zombieland: Double Tap,2019,3,FALSE,FALSE,FALSE,FALSE
Zookeeper,2011,2,FALSE,FALSE,FALSE,FALSE
Zoolander,2001,NULL,FALSE,FALSE,FALSE,TRUE
Zootopia,2016,4.5,FALSE,FALSE,FALSE,TRUE
