Date,Name,Year,Letterboxd URI,Rating
11/2/2022,Parasite,2019,https://boxd.it/hTha,5
11/2/2022,Fight Club,1999,https://boxd.it/2a9q,5
11/2/2022,The Batman,2022,https://boxd.it/eDGs,4
11/2/2022,Knives Out,2019,https://boxd.it/jWEA,4.5
11/2/2022,Pulp Fiction,1994,https://boxd.it/29Pq,5
11/2/2022,Midsommar,2019,https://boxd.it/jhxe,4
11/2/2022,Get Out,2017,https://boxd.it/eOCm,4.5
11/2/2022,Spider-Man: Into the Spider-Verse,2018,https://boxd.it/azpY,4.5
11/2/2022,Inception,2010,https://boxd.it/1skk,5
11/2/2022,The Dark Knight,2008,https://boxd.it/2b0k,5
11/2/2022,Interstellar,2014,https://boxd.it/4VZ8,4.5
11/2/2022,Whiplash,2014,https://boxd.it/7bQA,5
11/2/2022,The Grand Budapest Hotel,2014,https://boxd.it/3ZqO,4
11/2/2022,Lady Bird,2017,https://boxd.it/dGNE,4.5
11/2/2022,Dune,2021,https://boxd.it/fA7G,4.5
11/2/2022,La La Land,2016,https://boxd.it/a5fa,4.5
11/2/2022,Once Upon a Time... in Hollywood,2019,https://boxd.it/gH0O,4.5
11/2/2022,The Wolf of Wall Street,2013,https://boxd.it/3C1m,4
11/2/2022,Avengers: Infinity War,2018,https://boxd.it/9vEe,5
11/2/2022,American Psycho,2000,https://boxd.it/28Vs,3.5
11/2/2022,Gone Girl,2014,https://boxd.it/6hQu,4.5
11/2/2022,Inglourious Basterds,2009,https://boxd.it/1JzG,4.5
11/2/2022,Spirited Away,2001,https://boxd.it/2b4m,4
11/2/2022,The Truman Show,1998,https://boxd.it/18U8,4.5
11/2/2022,Baby Driver,2017,https://boxd.it/bhF2,4.5
11/2/2022,Eternal Sunshine of the Spotless Mind,2004,https://boxd.it/6YK,4
11/2/2022,Black Panther,2018,https://boxd.it/8MHs,3.5
11/2/2022,Jojo Rabbit,2019,https://boxd.it/iEBG,4.5
11/2/2022,Her,2013,https://boxd.it/4O24,5
11/2/2022,The Social Network,2010,https://boxd.it/17ue,5
11/2/2022,The Matrix,1999,https://boxd.it/2a1m,5
11/2/2022,Django Unchained,2012,https://boxd.it/2cCk,4.5
11/2/2022,The Silence of the Lambs,1991,https://boxd.it/2aHW,5
11/2/2022,Se7en,1995,https://boxd.it/29zs,5
11/2/2022,Guardians of the Galaxy,2014,https://boxd.it/3VH2,4.5
11/2/2022,Little Women,2019,https://boxd.it/aSVk,4
11/2/2022,Forrest Gump,1994,https://boxd.it/728,5
11/2/2022,Kill Bill: Vol. 1,2003,https://boxd.it/70w,4
11/2/2022,The Lighthouse,2019,https://boxd.it/icFU,4
11/2/2022,Hereditary,2018,https://boxd.it/hNVe,4.5
11/2/2022,Arrival,2016,https://boxd.it/aNGk,5
11/2/2022,Don't Look Up,2021,https://boxd.it/o0Hc,3
11/2/2022,Taxi Driver,1976,https://boxd.it/2b8y,4.5
11/2/2022,Scott Pilgrim vs. the World,2010,https://boxd.it/1Aq6,4.5
11/2/2022,Thor: Ragnarok,2017,https://boxd.it/8MHi,4
11/2/2022,Spider-Man: Homecoming,2017,https://boxd.it/aboM,4
11/2/2022,Mad Max: Fury Road,2015,https://boxd.it/2DjO,4.5
11/2/2022,Uncut Gems,2019,https://boxd.it/gXGc,4
11/2/2022,1917,2019,https://boxd.it/jj4y,4.5
11/2/2022,Us,2019,https://boxd.it/gnV6,3.5
11/2/2022,Shutter Island,2010,https://boxd.it/1U82,5
11/2/2022,Soul,2020,https://boxd.it/ioLA,4.5
11/2/2022,Doctor Strange in the Multiverse of Madness,2022,https://boxd.it/gaTc,3
11/2/2022,Coco,2017,https://boxd.it/bYJQ,4
11/2/2022,Star Wars,1977,https://boxd.it/72s,4.5
11/2/2022,The Lord of the Rings: The Fellowship of the Ring,2001,https://boxd.it/2b5O,5
11/2/2022,Ratatouille,2007,https://boxd.it/27ww,5
11/2/2022,The Shawshank Redemption,1994,https://boxd.it/2aHi,5
11/2/2022,Deadpool,2016,https://boxd.it/9fOC,4
11/2/2022,The Avengers,2012,https://boxd.it/1xFW,4.5
11/2/2022,Dunkirk,2017,https://boxd.it/d0Y6,4
11/2/2022,Inside Out,2015,https://boxd.it/4KHC,4.5
11/2/2022,Drive,2011,https://boxd.it/IG,4
11/2/2022,Marriage Story,2019,https://boxd.it/hJAw,4.5
11/2/2022,A Quiet Place,2018,https://boxd.it/fVJQ,4
11/2/2022,Back to the Future,1985,https://boxd.it/2b8e,5
11/2/2022,GoodFellas,1990,https://boxd.it/29FA,4.5
11/2/2022,Doctor Strange,2016,https://boxd.it/8MH8,3.5
11/2/2022,The Empire Strikes Back,1980,https://boxd.it/27Vw,5
11/2/2022,Nightcrawler,2014,https://boxd.it/780m,4.5
11/2/2022,Tenet,2020,https://boxd.it/leq4,3.5
11/2/2022,It,2017,https://boxd.it/bC8e,4
11/2/2022,Up,2009,https://boxd.it/1OEc,5
11/2/2022,Star Wars: The Force Awakens,2015,https://boxd.it/4vru,3.5
11/2/2022,Captain America: Civil War,2016,https://boxd.it/89Ja,4.5
11/2/2022,Guardians of the Galaxy Vol. 2,2017,https://boxd.it/8MxC,3
11/2/2022,WALLÂ·E,2008,https://boxd.it/1VEo,5
11/2/2022,No Country for Old Men,2007,https://boxd.it/21ew,5
11/2/2022,2001: A Space Odyssey,1968,https://boxd.it/2bf0,3.5
11/2/2022,Dead Poets Society,1989,https://boxd.it/2aSg,4
11/2/2022,Captain America: The Winter Soldier,2014,https://boxd.it/3r58,4.5
11/2/2022,Harry Potter and the Prisoner of Azkaban,2004,https://boxd.it/29Qy,4.5
11/2/2022,Jurassic Park,1993,https://boxd.it/2aA2,4.5
11/2/2022,Spider-Man,2002,https://boxd.it/2a8i,4
11/2/2022,Blade Runner,1982,https://boxd.it/2bcA,4.5
11/2/2022,Zodiac,2007,https://boxd.it/27MO,4.5
11/2/2022,The Breakfast Club,1985,https://boxd.it/27q4,4.5
11/2/2022,Toy Story,1995,https://boxd.it/29qA,4.5
11/2/2022,Titanic,1997,https://boxd.it/2a2k,4
11/2/2022,Return of the Jedi,1983,https://boxd.it/27Vm,4.5
11/2/2022,Requiem for a Dream,2000,https://boxd.it/29VI,5
11/2/2022,Moonrise Kingdom,2012,https://boxd.it/2Wng,4
11/2/2022,Captain America: The First Avenger,2011,https://boxd.it/28b0,3
11/2/2022,The Lion King,1994,https://boxd.it/201Q,5
11/2/2022,The Revenant,2015,https://boxd.it/8H5e,4.5
11/2/2022,Fargo,1996,https://boxd.it/2aHM,5
11/2/2022,Jaws,1975,https://boxd.it/2a5e,4.5
11/2/2022,Star Wars: The Rise of Skywalker,2019,https://boxd.it/5xlK,2
11/2/2022,Shrek,2001,https://boxd.it/29zi,4
11/2/2022,Mean Girls,2004,https://boxd.it/1VNg,4
11/2/2022,The Big Lebowski,1998,https://boxd.it/2b6C,5
11/2/2022,AmÃ©lie,2001,https://boxd.it/2aUc,4
11/2/2022,John Wick,2014,https://boxd.it/7dEc,4.5
11/2/2022,Harry Potter and the Chamber of Secrets,2002,https://boxd.it/29QI,3
11/2/2022,Last Night in Soho,2021,https://boxd.it/lbJC,3
11/2/2022,The Irishman,2019,https://boxd.it/dYOq,3.5
11/2/2022,Wonder Woman,2017,https://boxd.it/9roG,3.5
11/2/2022,LÃ©on: The Professional,1994,https://boxd.it/2b8S,3
11/2/2022,Turning Red,2022,https://boxd.it/ipkq,2.5
11/2/2022,Deadpool 2,2018,https://boxd.it/dlLM,3.5
11/2/2022,Kill Bill: Vol. 2,2004,https://boxd.it/2au4,3.5
11/2/2022,Promising Young Woman,2020,https://boxd.it/loRE,4
11/2/2022,Incredibles 2,2018,https://boxd.it/7IPg,3.5
11/2/2022,The Hunger Games,2012,https://boxd.it/2uds,4
11/2/2022,The Thing,1982,https://boxd.it/294O,4.5
11/2/2022,Oldboy,2003,https://boxd.it/29R2,5
11/2/2022,Home Alone,1990,https://boxd.it/29Fg,4.5
11/2/2022,Princess Mononoke,1997,https://boxd.it/2b4w,4
11/2/2022,The Amazing Spider-Man,2012,https://boxd.it/27PI,3
11/2/2022,Apocalypse Now,1979,https://boxd.it/6ZS,4.5
11/2/2022,mother!,2017,https://boxd.it/dgRU,3.5
11/2/2022,Kingsman: The Secret Service,2014,https://boxd.it/6dxe,4
11/2/2022,The Great Gatsby,2013,https://boxd.it/JY,3
11/2/2022,A Star Is Born,2018,https://boxd.it/aXgc,3.5
11/2/2022,Pirates of the Caribbean: The Curse of the Black Pearl,2003,https://boxd.it/70G,4
11/2/2022,Birds of Prey (and the Fantabulous Emancipation of One Harley Quinn),2020,https://boxd.it/hSyO,2
11/2/2022,Good Time,2017,https://boxd.it/fcFu,3.5
11/2/2022,Shaun of the Dead,2004,https://boxd.it/29J8,4
11/2/2022,The Devil Wears Prada,2006,https://boxd.it/2awE,3.5
11/2/2022,The Nice Guys,2016,https://boxd.it/94Hg,4
11/2/2022,Tangled,2010,https://boxd.it/15gO,4.5
11/2/2022,Thor: The Dark World,2013,https://boxd.it/2DqA,2
11/2/2022,Eyes Wide Shut,1999,https://boxd.it/2axs,3.5
11/2/2022,I'm Thinking of Ending Things,2020,https://boxd.it/i4IQ,3.5
11/2/2022,Die Hard,1988,https://boxd.it/2a7u,4.5
11/2/2022,Shrek 2,2004,https://boxd.it/29z8,3.5
11/2/2022,E.T. the Extra-Terrestrial,1982,https://boxd.it/2a1G,4
11/2/2022,Train to Busan,2016,https://boxd.it/dSQU,3.5
11/2/2022,Twilight,2008,https://boxd.it/1Zui,2.5
11/2/2022,No Time to Die,2021,https://boxd.it/cPX2,3
11/2/2022,Gravity,2013,https://boxd.it/GZY,3.5
11/2/2022,Full Metal Jacket,1987,https://boxd.it/2a1Q,4
11/2/2022,Citizen Kane,1941,https://boxd.it/71O,3
11/2/2022,The Sixth Sense,1999,https://boxd.it/29Js,3.5
11/2/2022,The Big Short,2015,https://boxd.it/ajZw,4
11/2/2022,A Quiet Place Part II,2020,https://boxd.it/iTx0,3.5
11/2/2022,Boyhood,2014,https://boxd.it/3178,3.5
11/2/2022,Ocean's Eleven,2001,https://boxd.it/2aZm,4
11/2/2022,Silver Linings Playbook,2012,https://boxd.it/2TTo,3.5
11/2/2022,The Hunger Games: Catching Fire,2013,https://boxd.it/3sAw,4
11/2/2022,The Amazing Spider-Man 2,2014,https://boxd.it/3utM,2.5
11/2/2022,Manchester by the Sea,2016,https://boxd.it/b2L0,4
11/2/2022,V for Vendetta,2005,https://boxd.it/29Ik,4
11/2/2022,Gladiator,2000,https://boxd.it/2b9m,4.5
11/2/2022,Zombieland,2009,https://boxd.it/1En6,4
11/2/2022,Fantastic Beasts and Where to Find Them,2016,https://boxd.it/7FPC,3
11/2/2022,Rear Window,1954,https://boxd.it/2a6Q,4.5
11/2/2022,The Queen's Gambit,2020,https://boxd.it/s1Ym,5
11/2/2022,Eighth Grade,2018,https://boxd.it/hDMG,3.5
11/2/2022,Another Round,2020,https://boxd.it/lkba,4
11/2/2022,Solo: A Star Wars Story,2018,https://boxd.it/bGWs,3
11/2/2022,Bo Burnham: Inside,2021,https://boxd.it/v2uy,5
11/2/2022,Midnight in Paris,2011,https://boxd.it/i4a,3.5
11/2/2022,Batman v Superman: Dawn of Justice,2016,https://boxd.it/6fBW,3
11/2/2022,How to Train Your Dragon,2010,https://boxd.it/1WRy,4.5
11/2/2022,The Cabin in the Woods,2011,https://boxd.it/1zOc,4
11/2/2022,Ford v Ferrari,2019,https://boxd.it/ce74,4
11/2/2022,Sicario,2015,https://boxd.it/8i7u,4
11/2/2022,Green Book,2018,https://boxd.it/hErk,3.5
11/2/2022,Fresh,2022,https://boxd.it/tCNi,3
11/2/2022,The Lego Movie,2014,https://boxd.it/4pDO,4
11/2/2022,Dr. Strangelove or: How I Learned to Stop Worrying and Love the Bomb,1964,https://boxd.it/29eY,4
11/2/2022,John Wick: Chapter 2,2017,https://boxd.it/ayGu,4
11/2/2022,The Curious Case of Benjamin Button,2008,https://boxd.it/23Fk,3.5
11/2/2022,Nocturnal Animals,2016,https://boxd.it/bkFu,3.5
11/2/2022,Casino Royale,2006,https://boxd.it/1alk,4
11/2/2022,Heat,1995,https://boxd.it/2bg8,4.5
11/2/2022,Blue Velvet,1986,https://boxd.it/29BI,3
11/2/2022,Magnolia,1999,https://boxd.it/2aze,4
11/2/2022,X-Men: Days of Future Past,2014,https://boxd.it/4aRw,4
11/2/2022,Mulan,1998,https://boxd.it/1VFw,4
11/2/2022,Nightmare Alley,2021,https://boxd.it/m0HC,3
11/2/2022,Stand by Me,1986,https://boxd.it/2aOe,4.5
11/2/2022,When Harry Met Sally...,1989,https://boxd.it/29W2,5
11/2/2022,Terminator 2: Judgment Day,1991,https://boxd.it/2aGY,4.5
11/2/2022,A Clockwork Orange,1971,https://boxd.it/2aVE,4.5
11/2/2022,Harry Potter and the Philosopher's Stone,2001,https://boxd.it/29QS,3.5
11/2/2022,Memento,2000,https://boxd.it/2bcK,5
11/2/2022,Ex Machina,2015,https://boxd.it/7T2k,4.5
11/2/2022,Star Wars: The Last Jedi,2017,https://boxd.it/5xme,2.5
11/2/2022,Reservoir Dogs,1992,https://boxd.it/2agc,4
11/2/2022,The Incredibles,2004,https://boxd.it/1XLm,5
11/2/2022,Alien,1979,https://boxd.it/2awY,4.5
11/2/2022,The Lord of the Rings: The Return of the King,2003,https://boxd.it/2b5u,5
11/2/2022,Little Miss Sunshine,2006,https://boxd.it/29EW,4.5
11/2/2022,Top Gun: Maverick,2022,https://boxd.it/cjr4,4.5
11/2/2022,Black Widow,2021,https://boxd.it/hWV8,2.5
11/2/2022,Bohemian Rhapsody,2018,https://boxd.it/f1TK,3.5
11/2/2022,Shang-Chi and the Legend of the Ten Rings,2021,https://boxd.it/kLDI,4
11/2/2022,Captain Marvel,2019,https://boxd.it/9vSA,1.5
11/2/2022,Thor: Love and Thunder,2022,https://boxd.it/mMAY,2.5
11/2/2022,The Shape of Water,2017,https://boxd.it/dZ5m,3
11/2/2022,Birdman or (The Unexpected Virtue of Ignorance),2014,https://boxd.it/5RFA,4
11/2/2022,The Suicide Squad,2021,https://boxd.it/fw6O,4
11/2/2022,The Lord of the Rings: The Two Towers,2002,https://boxd.it/2b5E,5
11/2/2022,Spider-Man 2,2004,https://boxd.it/2a88,4
11/2/2022,Finding Nemo,2003,https://boxd.it/72i,4.5
11/2/2022,Prisoners,2013,https://boxd.it/4E5i,4.5
11/2/2022,BlacKkKlansman,2018,https://boxd.it/hxL8,3.5
11/2/2022,Encanto,2021,https://boxd.it/kPRu,3.5
11/2/2022,My Neighbor Totoro,1988,https://boxd.it/20eA,4.5
11/2/2022,Logan,2017,https://boxd.it/7Piy,5
11/2/2022,Psycho,1960,https://boxd.it/2ab2,4
11/2/2022,Batman Begins,2005,https://boxd.it/2aIg,4
11/2/2022,Lost in Translation,2003,https://boxd.it/2b0E,4.5
11/2/2022,Booksmart,2019,https://boxd.it/igNS,3.5
11/2/2022,Rogue One: A Star Wars Story,2016,https://boxd.it/aPvy,3.5
11/2/2022,"Monsters, Inc.",2001,https://boxd.it/2a46,5
11/2/2022,(500) Days of Summer,2009,https://boxd.it/1EmM,5
11/2/2022,The Martian,2015,https://boxd.it/8SeG,4
11/2/2022,There Will Be Blood,2007,https://boxd.it/20Z2,4.5
11/2/2022,Catch Me If You Can,2002,https://boxd.it/29VS,4
11/2/2022,Split,2016,https://boxd.it/dgSy,3.5
11/2/2022,The Departed,2006,https://boxd.it/28MA,5
11/2/2022,Schindler's List,1993,https://boxd.it/2aq2,4.5
11/2/2022,Luca,2021,https://boxd.it/ipjC,3.5
11/2/2022,Harry Potter and the Deathly Hallows: Part 2,2011,https://boxd.it/1RYk,4.5
11/2/2022,American Beauty,1999,https://boxd.it/71Y,4
11/2/2022,The Hateful Eight,2015,https://boxd.it/8gw8,4
11/2/2022,Eternals,2021,https://boxd.it/j36o,2
11/2/2022,The Lobster,2015,https://boxd.it/7tnw,3.5
11/2/2022,Superbad,2007,https://boxd.it/20hO,4.5
11/2/2022,Skyfall,2012,https://boxd.it/17Fc,4.5
11/2/2022,It Follows,2014,https://boxd.it/87wo,4
11/2/2022,About Time,2013,https://boxd.it/43bI,4
11/2/2022,Charlie and the Chocolate Factory,2005,https://boxd.it/2b68,3.5
11/2/2022,Squid Game,2021,https://boxd.it/x1OG,3.5
11/2/2022,Punch-Drunk Love,2002,https://boxd.it/20E4,3.5
11/2/2022,Suspiria,2018,https://boxd.it/cioI,2.5
11/2/2022,Ghostbusters,1984,https://boxd.it/g2w,4
11/2/2022,Aquaman,2018,https://boxd.it/9ru0,2.5
11/2/2022,Groundhog Day,1993,https://boxd.it/2b3e,4
11/2/2022,21 Jump Street,2012,https://boxd.it/J0,3.5
11/2/2022,Crazy Rich Asians,2018,https://boxd.it/gfnK,3
11/2/2022,Back to the Future Part II,1989,https://boxd.it/2aYI,3.5
11/2/2022,The Terminator,1984,https://boxd.it/2aQY,4
11/2/2022,A Nightmare on Elm Street,1984,https://boxd.it/2aw0,3.5
11/2/2022,The Mitchells vs. the Machines,2021,https://boxd.it/i7xm,4.5
11/2/2022,Okja,2017,https://boxd.it/dvXe,3
11/2/2022,Wreck-It Ralph,2012,https://boxd.it/2TTS,4
11/2/2022,The Farewell,2019,https://boxd.it/kIky,4
11/2/2022,The Hobbit: An Unexpected Journey,2012,https://boxd.it/GZk,3.5
11/2/2022,Man of Steel,2013,https://boxd.it/FRk,2.5
11/2/2022,Aladdin,1992,https://boxd.it/29yE,4
11/2/2022,Ponyo,2008,https://boxd.it/1S0A,3.5
11/2/2022,The Disaster Artist,2017,https://boxd.it/cTqc,4
11/2/2022,Now You See Me,2013,https://boxd.it/2Bsu,3.5
11/2/2022,Pirates of the Caribbean: Dead Man's Chest,2006,https://boxd.it/2bfk,4.5
11/2/2022,Almost Famous,2000,https://boxd.it/29CQ,3.5
11/2/2022,Monty Python and the Holy Grail,1975,https://boxd.it/29GI,4
11/2/2022,Nobody,2021,https://boxd.it/mLqS,3.5
11/2/2022,Raging Bull,1980,https://boxd.it/28yI,4
11/2/2022,Watchmen,2009,https://boxd.it/1QE4,3.5
11/2/2022,Kick-Ass,2010,https://boxd.it/1zaQ,3.5
11/2/2022,The Incredible Hulk,2008,https://boxd.it/28dU,2.5
11/2/2022,Men in Black,1997,https://boxd.it/2a0I,4
11/2/2022,The Matrix Reloaded,2003,https://boxd.it/2a1c,3.5
11/2/2022,We Need to Talk About Kevin,2011,https://boxd.it/2pTS,3.5
11/2/2022,Alice in Wonderland,2010,https://boxd.it/1Spq,3
11/2/2022,Rocky,1976,https://boxd.it/28Uk,4
11/2/2022,Pitch Perfect,2012,https://boxd.it/3OsE,3.5
11/2/2022,Doctor Sleep,2019,https://boxd.it/i5vI,3.5
11/2/2022,The Hobbit: The Desolation of Smaug,2013,https://boxd.it/nmS,3.5
11/2/2022,The Iron Giant,1999,https://boxd.it/1Wow,4
11/2/2022,Frozen II,2019,https://boxd.it/aPvo,3
11/2/2022,Game Night,2018,https://boxd.it/fRtu,3.5
11/2/2022,Saw,2004,https://boxd.it/2aWW,3.5
11/2/2022,Atonement,2007,https://boxd.it/24ui,3.5
11/2/2022,28 Days Later,2002,https://boxd.it/2aXU,3.5
11/2/2022,The Hunger Games: Mockingjay â€“ Part 2,2015,https://boxd.it/4hk0,3
11/2/2022,First Reformed,2017,https://boxd.it/go9C,3
11/2/2022,Raya and the Last Dragon,2021,https://boxd.it/jbkI,3
11/2/2022,Looper,2012,https://boxd.it/ham,4
11/2/2022,Megamind,2010,https://boxd.it/16Sk,4
11/2/2022,In Bruges,2008,https://boxd.it/20n8,4
11/2/2022,Kingsman: The Golden Circle,2017,https://boxd.it/buJm,3
11/2/2022,Ice Age,2002,https://boxd.it/2apS,4
11/2/2022,Spectre,2015,https://boxd.it/6bXY,3
11/2/2022,Pirates of the Caribbean: At World's End,2007,https://boxd.it/2aGu,3.5
11/2/2022,A Bug's Life,1998,https://boxd.it/1Yyy,3.5
11/2/2022,Hercules,1997,https://boxd.it/1SDW,3.5
11/2/2022,The Hobbit: The Battle of the Five Armies,2014,https://boxd.it/43aU,3
11/2/2022,Halloween,2018,https://boxd.it/f0uE,3
11/2/2022,A Beautiful Mind,2001,https://boxd.it/2amk,4.5
11/2/2022,Hunt for the Wilderpeople,2016,https://boxd.it/cTgG,3.5
11/2/2022,Night at the Museum,2006,https://boxd.it/28wi,3.5
11/2/2022,Argo,2012,https://boxd.it/2czU,3.5
11/2/2022,Les MisÃ©rables,2012,https://boxd.it/2TT4,3
11/2/2022,Enola Holmes,2020,https://boxd.it/hX2o,3
11/2/2022,The Wizard of Oz,1939,https://boxd.it/29Xu,3.5
11/2/2022,The Princess Diaries,2001,https://boxd.it/1XCO,3.5
11/2/2022,This Is the End,2013,https://boxd.it/3GB4,3.5
11/2/2022,Life Is Beautiful,1997,https://boxd.it/29Wm,4
11/2/2022,Unbreakable,2000,https://boxd.it/1XV2,4
11/2/2022,The Mask,1994,https://boxd.it/29rS,3
11/2/2022,First Man,2018,https://boxd.it/cPym,3
11/2/2022,Murder on the Orient Express,2017,https://boxd.it/dHjA,3.5
11/2/2022,Burn After Reading,2008,https://boxd.it/23BW,3.5
11/2/2022,The Twilight Saga: New Moon,2009,https://boxd.it/1Hj2,2
11/2/2022,The Little Mermaid,1989,https://boxd.it/1WYO,3.5
11/2/2022,Minority Report,2002,https://boxd.it/2aWi,4
11/2/2022,Napoleon Dynamite,2004,https://boxd.it/20wu,4
11/2/2022,Rise of the Planet of the Apes,2011,https://boxd.it/cS4,4
11/2/2022,Gangs of New York,2002,https://boxd.it/25FG,3.5
11/2/2022,The 40 Year Old Virgin,2005,https://boxd.it/21hK,3.5
11/2/2022,The Goonies,1985,https://boxd.it/1YVC,3.5
11/2/2022,Mission: Impossible,1996,https://boxd.it/29d2,3.5
11/2/2022,Gremlins,1984,https://boxd.it/29gg,3.5
11/2/2022,Sweeney Todd: The Demon Barber of Fleet Street,2007,https://boxd.it/1PcS,3.5
11/2/2022,Collateral,2004,https://boxd.it/28F0,4.5
11/2/2022,The Polar Express,2004,https://boxd.it/23am,4
11/2/2022,The Princess and the Frog,2009,https://boxd.it/1WQq,3.5
11/2/2022,The Falcon and the Winter Soldier,2021,https://boxd.it/sbH6,3
11/2/2022,Moon Knight,2022,https://boxd.it/zeDq,3.5
11/2/2022,Scooby-Doo,2002,https://boxd.it/1YaQ,2.5
11/2/2022,Zombieland: Double Tap,2019,https://boxd.it/bgb6,3
11/2/2022,Black Mirror: Bandersnatch,2018,https://boxd.it/kTDG,3.5
11/2/2022,Death on the Nile,2022,https://boxd.it/ifpg,3
11/2/2022,300,2006,https://boxd.it/28XI,3.5
11/2/2022,The Big Sick,2017,https://boxd.it/eHvy,4
11/2/2022,True Grit,2010,https://boxd.it/Sog,4
11/2/2022,We're the Millers,2013,https://boxd.it/4srQ,3
11/2/2022,How to Train Your Dragon 2,2014,https://boxd.it/2TRW,4
11/2/2022,Braveheart,1995,https://boxd.it/2aTI,3.5
11/2/2022,The Terminal,2004,https://boxd.it/2a2O,4
11/2/2022,Paterson,2016,https://boxd.it/cRk2,4
11/2/2022,The Twilight Saga: Eclipse,2010,https://boxd.it/1ytW,2
11/2/2022,North by Northwest,1959,https://boxd.it/2aRM,4
11/2/2022,The Lost World: Jurassic Park,1997,https://boxd.it/2azS,3
11/2/2022,In the Heights,2021,https://boxd.it/gLhu,3
11/2/2022,Alita: Battle Angel,2019,https://boxd.it/e0rS,3
11/2/2022,Indiana Jones and the Kingdom of the Crystal Skull,2008,https://boxd.it/2aR8,3
11/2/2022,Paths of Glory,1957,https://boxd.it/29b6,3.5
11/2/2022,127 Hours,2010,https://boxd.it/SLa,4
11/2/2022,High School Musical,2006,https://boxd.it/1V0y,3
11/2/2022,The Twilight Saga: Breaking Dawn â€“ Part 1,2011,https://boxd.it/DdM,2
11/2/2022,Bee Movie,2007,https://boxd.it/22Vw,2
11/2/2022,The Bourne Identity,2002,https://boxd.it/26EO,4.5
11/2/2022,Enchanted,2007,https://boxd.it/24co,3
11/2/2022,What's Eating Gilbert Grape,1993,https://boxd.it/28xg,4
11/2/2022,X-Men: The Last Stand,2006,https://boxd.it/1a5Q,2.5
11/2/2022,Quantum of Solace,2008,https://boxd.it/1Vs8,2.5
11/2/2022,Brooklyn,2015,https://boxd.it/5bdk,3.5
11/2/2022,The King's Man,2021,https://boxd.it/h714,3
11/2/2022,Hustle,2022,https://boxd.it/qpig,3.5
11/2/2022,Close Encounters of the Third Kind,1977,https://boxd.it/29u8,3.5
11/2/2022,Star Trek,2009,https://boxd.it/1Q6c,3.5
11/2/2022,The Peanut Butter Falcon,2019,https://boxd.it/gzu2,4
11/2/2022,The Ring,2002,https://boxd.it/2a70,3.5
11/2/2022,Now You See Me 2,2016,https://boxd.it/99fw,2.5
11/2/2022,Mortal Kombat,2021,https://boxd.it/gswA,3
11/2/2022,The Proposal,2009,https://boxd.it/1HiS,4
11/2/2022,Wonder,2017,https://boxd.it/ekeY,3.5
11/2/2022,Mystic River,2003,https://boxd.it/2aAG,4
11/2/2022,8 Mile,2002,https://boxd.it/2bew,3.5
11/2/2022,The Invitation,2015,https://boxd.it/9OUU,3.5
11/2/2022,"Crouching Tiger, Hidden Dragon",2000,https://boxd.it/2b1M,4
11/2/2022,Werewolf by Night,2022,https://boxd.it/xMrO,4
11/2/2022,True Romance,1993,https://boxd.it/2aBa,3.5
11/2/2022,Shark Tale,2004,https://boxd.it/1VYe,2
11/2/2022,Mary Poppins,1964,https://boxd.it/2aoA,3
11/2/2022,Gattaca,1997,https://boxd.it/29Du,3.5
11/2/2022,Star Trek Into Darkness,2013,https://boxd.it/uYE,3.5
11/2/2022,Mulan,2020,https://boxd.it/bbK6,1.5
11/2/2022,Jungle Cruise,2021,https://boxd.it/g4YK,3
11/2/2022,Pinocchio,1940,https://boxd.it/1V8C,3.5
11/2/2022,The Mist,2007,https://boxd.it/22r2,4
11/2/2022,The Conversation,1974,https://boxd.it/2a38,3.5
11/2/2022,Office Space,1999,https://boxd.it/28Em,5
11/2/2022,Ferris Bueller's Day Off,1986,https://boxd.it/1YPY,4.5
11/2/2022,Harry Potter and the Order of the Phoenix,2007,https://boxd.it/29Qe,4
11/2/2022,Iron Man 2,2010,https://boxd.it/1WZM,3.5
11/2/2022,Toy Story 3,2010,https://boxd.it/1WRe,5
11/2/2022,Saving Private Ryan,1998,https://boxd.it/29ro,4
11/2/2022,Suicide Squad,2016,https://boxd.it/9row,2
11/2/2022,"Three Billboards Outside Ebbing, Missouri",2017,https://boxd.it/ceBS,4.5
11/2/2022,Halloween,1978,https://boxd.it/2wRu,4.5
11/2/2022,Harry Potter and the Deathly Hallows: Part 1,2010,https://boxd.it/1RYu,4
11/2/2022,Pan's Labyrinth,2006,https://boxd.it/28No,4.5
11/2/2022,Zootopia,2016,https://boxd.it/84xS,4.5
11/2/2022,Juno,2007,https://boxd.it/210a,4
11/2/2022,Trainspotting,1996,https://boxd.it/29XY,4
11/2/2022,Brokeback Mountain,2005,https://boxd.it/2b2q,4.5
11/2/2022,12 Angry Men,1957,https://boxd.it/2auI,4.5
11/2/2022,Toy Story 2,1999,https://boxd.it/29qq,4.5
11/2/2022,Raiders of the Lost Ark,1981,https://boxd.it/2bbs,4.5
11/2/2022,Palm Springs,2020,https://boxd.it/lCXQ,4.5
11/2/2022,Toy Story 4,2019,https://boxd.it/9ALu,3
11/2/2022,Moana,2016,https://boxd.it/8tfY,3.5
11/2/2022,The Royal Tenenbaums,2001,https://boxd.it/1YHU,4
11/2/2022,Spider-Man 3,2007,https://boxd.it/2a7Y,3
11/2/2022,Vertigo,1958,https://boxd.it/2apI,4
11/2/2022,Room,2015,https://boxd.it/7T0y,4.5
11/2/2022,Snowpiercer,2013,https://boxd.it/3Icg,3.5
11/2/2022,Frozen,2013,https://boxd.it/3GNa,4
11/2/2022,It Chapter Two,2019,https://boxd.it/h10u,2.5
11/2/2022,The Imitation Game,2014,https://boxd.it/6aig,4
11/2/2022,The Invisible Man,2020,https://boxd.it/kWlA,3.5
11/2/2022,The Conjuring,2013,https://boxd.it/4sr2,3.5
11/2/2022,Roma,2018,https://boxd.it/f69M,3.5
11/2/2022,Phantom Thread,2017,https://boxd.it/e4uc,3.5
11/2/2022,Ready Player One,2018,https://boxd.it/aZes,4
11/2/2022,Hot Fuzz,2007,https://boxd.it/2416,4
11/2/2022,The Princess Bride,1987,https://boxd.it/26EY,5
11/2/2022,Ready or Not,2019,https://boxd.it/kOf0,3
11/2/2022,Barbarian,2022,https://boxd.it/yohi,3.5
11/2/2022,The Hangover,2009,https://boxd.it/1GjK,4
11/2/2022,WandaVision,2021,https://boxd.it/sbGW,4
11/2/2022,The Green Mile,1999,https://boxd.it/2agG,4.5
11/2/2022,Rosemary's Baby,1968,https://boxd.it/29zM,4
11/2/2022,It's a Wonderful Life,1946,https://boxd.it/28xA,4.5
11/2/2022,Into the Wild,2007,https://boxd.it/22m2,4.5
11/2/2022,The Emperor's New Groove,2000,https://boxd.it/1Tey,4.5
11/2/2022,Casino,1995,https://boxd.it/2ads,3.5
11/2/2022,Despicable Me,2010,https://boxd.it/1DD8,3.5
11/2/2022,The Platform,2019,https://boxd.it/mUm6,3
11/2/2022,Chinatown,1974,https://boxd.it/29vU,3.5
11/2/2022,The Graduate,1967,https://boxd.it/18Im,4
11/2/2022,Elf,2003,https://boxd.it/1VyK,4
11/2/2022,Loki,2021,https://boxd.it/sbHg,4
11/2/2022,Beauty and the Beast,2017,https://boxd.it/ar0c,3
11/2/2022,I Am Legend,2007,https://boxd.it/21DG,3.5
11/2/2022,Kong: Skull Island,2017,https://boxd.it/9ewM,3.5
11/2/2022,Back to the Future Part III,1990,https://boxd.it/2aTS,3
11/2/2022,The Fly,1986,https://boxd.it/1YIe,4
11/2/2022,Chernobyl,2019,https://boxd.it/mkbG,5
11/2/2022,Home Alone 2: Lost in New York,1992,https://boxd.it/29F6,3.5
11/2/2022,Pacific Rim,2013,https://boxd.it/2cB2,3.5
11/2/2022,Rango,2011,https://boxd.it/QPk,3.5
11/2/2022,Lightyear,2022,https://boxd.it/qV1G,2.5
11/2/2022,The Secret Life of Walter Mitty,2013,https://boxd.it/3SWy,4
11/2/2022,Aladdin,2019,https://boxd.it/eSjy,3
11/2/2022,The Parent Trap,1998,https://boxd.it/1XJq,3
11/2/2022,Sunset Boulevard,1950,https://boxd.it/2a20,4
11/2/2022,Twelve Monkeys,1995,https://boxd.it/2beQ,3.5
11/2/2022,Creed,2015,https://boxd.it/a2qk,4
11/2/2022,Predator,1987,https://boxd.it/2b84,4.5
11/2/2022,X2,2003,https://boxd.it/1a7i,4
11/2/2022,Godzilla,2014,https://boxd.it/47OE,3
11/2/2022,Lion,2016,https://boxd.it/b2La,3.5
11/2/2022,Vice,2018,https://boxd.it/fcFY,3.5
11/2/2022,Anchorman: The Legend of Ron Burgundy,2004,https://boxd.it/1ZVo,3.5
11/2/2022,The Sound of Music,1965,https://boxd.it/1MLK,4
11/2/2022,The Help,2011,https://boxd.it/EDm,4
11/2/2022,Shrek the Third,2007,https://boxd.it/29yY,2.5
11/2/2022,Willy Wonka & the Chocolate Factory,1971,https://boxd.it/2aLu,4
11/2/2022,Clue,1985,https://boxd.it/1MDQ,3.5
11/2/2022,Sin City,2005,https://boxd.it/2aVk,4
11/2/2022,Million Dollar Baby,2004,https://boxd.it/2bdI,4
11/2/2022,Mission: Impossible â€“ Ghost Protocol,2011,https://boxd.it/psI,4
11/2/2022,The Post,2017,https://boxd.it/fTeG,3
11/2/2022,The Jungle Book,2016,https://boxd.it/8wjk,3.5
11/2/2022,Me Before You,2016,https://boxd.it/9n98,4
11/2/2022,X-Men Origins: Wolverine,2009,https://boxd.it/27ug,3
11/2/2022,Hawkeye,2021,https://boxd.it/xQqK,3
11/2/2022,Snow White and the Seven Dwarfs,1937,https://boxd.it/2arO,3.5
11/2/2022,Jumanji: The Next Level,2019,https://boxd.it/ixu4,3
11/2/2022,Raising Arizona,1987,https://boxd.it/2avQ,3.5
11/2/2022,Panic Room,2002,https://boxd.it/2490,3.5
11/2/2022,The Hurt Locker,2008,https://boxd.it/1Soi,3
11/2/2022,King Kong,2005,https://boxd.it/2aLa,3
11/2/2022,Mrs. Doubtfire,1993,https://boxd.it/29Cw,3.5
11/2/2022,The Karate Kid,1984,https://boxd.it/27Wk,3.5
11/2/2022,Pocahontas,1995,https://boxd.it/1W2g,3.5
11/2/2022,Unforgiven,1992,https://boxd.it/6Z4,3.5
11/2/2022,Captain Phillips,2013,https://boxd.it/3GPK,4
11/2/2022,Molly's Game,2017,https://boxd.it/dSl8,3.5
11/2/2022,How to Train Your Dragon: The Hidden World,2019,https://boxd.it/5a9w,3.5
11/2/2022,The Hangover Part II,2011,https://boxd.it/PZI,3
11/2/2022,The Raid,2011,https://boxd.it/3hBy,4
11/2/2022,Shrek Forever After,2010,https://boxd.it/1WRo,2
11/2/2022,The Haunting of Hill House,2018,https://boxd.it/kfJ0,4.5
11/2/2022,Darkest Hour,2017,https://boxd.it/dZZa,3.5
11/2/2022,The Adventures of Tintin,2011,https://boxd.it/1Irc,3
11/2/2022,Bolt,2008,https://boxd.it/1QXg,3.5
11/2/2022,The Untouchables,1987,https://boxd.it/2b6i,3.5
11/2/2022,Bill & Ted's Excellent Adventure,1989,https://boxd.it/28oI,4
11/2/2022,Space Jam: A New Legacy,2021,https://boxd.it/dd9A,1.5
11/2/2022,Double Indemnity,1944,https://boxd.it/297I,3.5
11/2/2022,Bambi,1942,https://boxd.it/25AQ,3
11/2/2022,Escape from New York,1981,https://boxd.it/294k,4
11/2/2022,War Dogs,2016,https://boxd.it/9SlO,4
11/2/2022,Grown Ups,2010,https://boxd.it/169a,2.5
11/2/2022,Bridge of Spies,2015,https://boxd.it/9n9C,3.5
11/2/2022,Limitless,2011,https://boxd.it/Aly,3
11/2/2022,High School Musical 2,2007,https://boxd.it/1PIu,3
11/2/2022,Mission: Impossible III,2006,https://boxd.it/29cI,3.5
11/2/2022,Men in Black 3,2012,https://boxd.it/103U,3
11/2/2022,Network,1976,https://boxd.it/1VqG,4
11/2/2022,"I, Robot",2004,https://boxd.it/27y8,3
11/2/2022,The Babysitter,2017,https://boxd.it/eP1w,3.5
11/2/2022,Men in Black II,2002,https://boxd.it/2a0y,2.5
11/2/2022,Treasure Planet,2002,https://boxd.it/1Znm,3.5
11/2/2022,The Edge of Seventeen,2016,https://boxd.it/d5nu,4
11/2/2022,Finding Dory,2016,https://boxd.it/4aAA,3
11/2/2022,Easy A,2010,https://boxd.it/17DK,3.5
11/2/2022,John Wick: Chapter 3 â€“ Parabellum,2019,https://boxd.it/gmFw,4
11/2/2022,Spotlight,2015,https://boxd.it/a84k,4
11/2/2022,Aliens,1986,https://boxd.it/29PA,4.5
11/2/2022,Enemy,2013,https://boxd.it/5xtO,3.5
11/2/2022,Heathers,1989,https://boxd.it/26x4,3.5
11/2/2022,"The Good, the Bad and the Ugly",1966,https://boxd.it/2ape,5
11/2/2022,Being John Malkovich,1999,https://boxd.it/2ahu,4
11/2/2022,Brave,2012,https://boxd.it/bVG,3
11/2/2022,Zack Snyder's Justice League,2021,https://boxd.it/tLOk,4
11/2/2022,The Girl with the Dragon Tattoo,2011,https://boxd.it/2Pa,4
11/2/2022,Wonder Woman 1984,2020,https://boxd.it/gBtA,2
11/2/2022,Malignant,2021,https://boxd.it/mViE,3.5
11/2/2022,Onward,2020,https://boxd.it/io92,3.5
11/2/2022,Jumanji: Welcome to the Jungle,2017,https://boxd.it/bUeE,3.5
11/2/2022,Seven Samurai,1954,https://boxd.it/2axi,4.5
11/2/2022,Dallas Buyers Club,2013,https://boxd.it/4O8G,4
11/2/2022,Hacksaw Ridge,2016,https://boxd.it/azew,4.5
11/2/2022,Monsters University,2013,https://boxd.it/bQm,3.5
11/2/2022,The Devil All the Time,2020,https://boxd.it/i2tY,3.5
11/2/2022,American History X,1998,https://boxd.it/2bdo,4.5
11/2/2022,The Theory of Everything,2014,https://boxd.it/7YtA,3.5
11/2/2022,The Hunger Games: Mockingjay â€“ Part 1,2014,https://boxd.it/4hka,2.5
11/2/2022,X-Men: First Class,2011,https://boxd.it/FOA,4
11/2/2022,Edge of Tomorrow,2014,https://boxd.it/4pD0,4
11/2/2022,Mission: Impossible â€“ Fallout,2018,https://boxd.it/bSVc,4.5
11/2/2022,Jackie Brown,1997,https://boxd.it/2aVO,4
11/2/2022,Beauty and the Beast,1991,https://boxd.it/1XhG,4
11/2/2022,World War Z,2013,https://boxd.it/2p2E,3.5
11/2/2022,Snatch,2000,https://boxd.it/2b7U,4
11/2/2022,Moneyball,2011,https://boxd.it/glS,4.5
11/2/2022,Paddington 2,2017,https://boxd.it/bCF8,4
11/2/2022,You Were Never Really Here,2017,https://boxd.it/dWOS,3
11/2/2022,Rain Man,1988,https://boxd.it/2avw,4
11/2/2022,Searching,2018,https://boxd.it/hDPg,3.5
11/2/2022,Transformers,2007,https://boxd.it/280c,3
11/2/2022,The Apartment,1960,https://boxd.it/2aGE,4
11/2/2022,Space Jam,1996,https://boxd.it/26YO,3.5
11/2/2022,The Wolverine,2013,https://boxd.it/2CWU,3.5
11/2/2022,Godzilla: King of the Monsters,2019,https://boxd.it/cY7Y,2
11/2/2022,Mission: Impossible â€“ Rogue Nation,2015,https://boxd.it/5rI4,4
11/2/2022,Training Day,2001,https://boxd.it/27A4,4
11/2/2022,Once Upon a Time in the West,1968,https://boxd.it/2az4,3.5
11/2/2022,Indiana Jones and the Temple of Doom,1984,https://boxd.it/2bb8,3.5
11/2/2022,El Camino: A Breaking Bad Movie,2019,https://boxd.it/kv0q,4
11/2/2022,The Lego Batman Movie,2017,https://boxd.it/azp0,4
11/2/2022,The Gentlemen,2019,https://boxd.it/iYBQ,3.5
11/2/2022,Hidden Figures,2016,https://boxd.it/dgS4,3.5
11/2/2022,PokÃ©mon Detective Pikachu,2019,https://boxd.it/fVA0,3.5
11/2/2022,Madagascar,2005,https://boxd.it/29dc,3
11/3/2022,The Ballad of Buster Scruggs,2018,https://boxd.it/jB2q,4
11/3/2022,The Matrix Revolutions,2003,https://boxd.it/2a12,2.5
11/3/2022,Hamilton,2020,https://boxd.it/kmvE,4
11/3/2022,Hugo,2011,https://boxd.it/R08,3
11/3/2022,Prometheus,2012,https://boxd.it/2s9e,2.5
11/3/2022,Jumanji,1995,https://boxd.it/1ZLI,3.5
11/3/2022,The Maze Runner,2014,https://boxd.it/5YPM,3
11/3/2022,The Birds,1963,https://boxd.it/2a6m,4
11/3/2022,Ralph Breaks the Internet,2018,https://boxd.it/edAy,3
11/3/2022,Misery,1990,https://boxd.it/28gY,4.5
11/3/2022,Tropic Thunder,2008,https://boxd.it/20WM,3.5
11/3/2022,Bridesmaids,2011,https://boxd.it/rac,3.5
11/3/2022,Moon,2009,https://boxd.it/1IGQ,3.5
11/3/2022,The Conjuring: The Devil Made Me Do It,2021,https://boxd.it/eXZY,3.5
11/3/2022,The Fault in Our Stars,2014,https://boxd.it/6BQa,3.5
11/3/2022,Maleficent,2014,https://boxd.it/3v1u,3
11/3/2022,Cloudy with a Chance of Meatballs,2009,https://boxd.it/1A40,3.5
11/3/2022,Kubo and the Two Strings,2016,https://boxd.it/a4wE,4
11/3/2022,Signs,2002,https://boxd.it/26t2,3.5
11/3/2022,Freaky Friday,2003,https://boxd.it/1WwK,3.5
11/3/2022,Tarzan,1999,https://boxd.it/18YO,3.5
11/3/2022,Divergent,2014,https://boxd.it/4VT0,3
11/3/2022,Cars 2,2011,https://boxd.it/H4Y,2
11/3/2022,The Others,2001,https://boxd.it/27Po,4
11/3/2022,Over the Garden Wall,2014,https://boxd.it/eqFw,4.5
11/3/2022,From Dusk Till Dawn,1996,https://boxd.it/29HQ,3.5
11/3/2022,Bumblebee,2018,https://boxd.it/f21O,3.5
11/3/2022,The Night House,2020,https://boxd.it/jZze,4
11/3/2022,Source Code,2011,https://boxd.it/fdo,3.5
11/3/2022,A Beautiful Day in the Neighborhood,2019,https://boxd.it/i7vA,3.5
11/3/2022,One Hundred and One Dalmatians,1961,https://boxd.it/1SeC,3
11/3/2022,The Town,2010,https://boxd.it/1zyS,3.5
11/3/2022,Sing,2016,https://boxd.it/b5EQ,2.5
11/3/2022,The Wrestler,2008,https://boxd.it/1So8,4
11/3/2022,The Jungle Book,1967,https://boxd.it/1YY2,3.5
11/3/2022,Fast & Furious Presents: Hobbs & Shaw,2019,https://boxd.it/dnDA,3
11/3/2022,Forgetting Sarah Marshall,2008,https://boxd.it/1XEq,3.5
11/3/2022,Life,2017,https://boxd.it/dRqG,3
11/3/2022,High Fidelity,2000,https://boxd.it/2aMW,4
11/3/2022,The Other Guys,2010,https://boxd.it/1rtq,4
11/3/2022,The Third Man,1949,https://boxd.it/294E,4
11/3/2022,"Lock, Stock and Two Smoking Barrels",1998,https://boxd.it/2b92,4
11/3/2022,The Devil's Advocate,1997,https://boxd.it/286k,3.5
11/3/2022,Peter Pan,1953,https://boxd.it/1VCC,4
11/3/2022,Cars 3,2017,https://boxd.it/7IPq,2.5
11/3/2022,Brother Bear,2003,https://boxd.it/1Xjs,3.5
11/3/2022,Ice Age: The Meltdown,2006,https://boxd.it/2wRk,3.5
11/3/2022,Sleeping Beauty,1959,https://boxd.it/1V9A,3
11/3/2022,The Old Guard,2020,https://boxd.it/jY2e,2.5
11/3/2022,Atlantis: The Lost Empire,2001,https://boxd.it/1Vck,3.5
11/3/2022,The Secret Life of Pets,2016,https://boxd.it/aJ5E,3
11/3/2022,All the President's Men,1976,https://boxd.it/29lU,4
11/3/2022,Miss Congeniality,2000,https://boxd.it/28GM,3
11/3/2022,Apollo 13,1995,https://boxd.it/2a6G,3.5
11/3/2022,17 Again,2009,https://boxd.it/1Jnq,3
11/3/2022,Lady and the Tramp,1955,https://boxd.it/1Wv8,3
11/3/2022,Anastasia,1997,https://boxd.it/1YFk,3
11/3/2022,Stuart Little,1999,https://boxd.it/1WZW,3
11/3/2022,Trick 'r Treat,2007,https://boxd.it/1zvE,4
11/3/2022,Jerry Maguire,1996,https://boxd.it/1YNS,4.5
11/3/2022,Let the Right One In,2008,https://boxd.it/1Qr0,3
11/3/2022,Alice in Wonderland,1951,https://boxd.it/1Sz6,3
11/3/2022,Cape Fear,1991,https://boxd.it/28vu,4
11/3/2022,Chicken Run,2000,https://boxd.it/20Xg,3
11/3/2022,Fantastic Four,2005,https://boxd.it/1XVw,2.5
11/3/2022,The Lost Boys,1987,https://boxd.it/28DI,3.5
11/3/2022,Taken,2008,https://boxd.it/1ZXa,4
11/3/2022,Minions,2015,https://boxd.it/6jCO,2.5
11/3/2022,Insomnia,2002,https://boxd.it/2aB0,4
11/3/2022,National Treasure,2004,https://boxd.it/27x0,4
11/3/2022,Big,1988,https://boxd.it/271S,4
11/3/2022,Blade,1998,https://boxd.it/1a8A,3.5
11/3/2022,Mother,2009,https://boxd.it/1m9g,3.5
11/3/2022,Seven Psychopaths,2012,https://boxd.it/34PW,3.5
11/3/2022,TRON: Legacy,2010,https://boxd.it/1Dlo,3.5
11/3/2022,Chicken Little,2005,https://boxd.it/1Xnu,3
11/3/2022,Normal People,2020,https://boxd.it/q2VY,4.5
11/3/2022,Mission: Impossible II,2000,https://boxd.it/29cS,3
11/3/2022,Liar Liar,1997,https://boxd.it/28sg,3
11/3/2022,You've Got Mail,1998,https://boxd.it/1Yye,4
11/3/2022,The Blues Brothers,1980,https://boxd.it/2adi,4
11/3/2022,Robots,2005,https://boxd.it/1Xve,2.5
11/3/2022,Happy Feet,2006,https://boxd.it/1XH0,2.5
11/3/2022,Blood Diamond,2006,https://boxd.it/28Tm,4
11/3/2022,Hancock,2008,https://boxd.it/1Zv6,2.5
11/3/2022,Star Trek Beyond,2016,https://boxd.it/5Ik4,3
11/3/2022,Obi-Wan Kenobi,2022,https://boxd.it/yLBA,3
11/3/2022,Cinderella,1950,https://boxd.it/1Uki,3.5
11/3/2022,Madagascar: Escape 2 Africa,2008,https://boxd.it/1W2K,3
11/3/2022,Bridge to Terabithia,2007,https://boxd.it/28YG,3
11/3/2022,Free Solo,2018,https://boxd.it/iEEq,4.5
11/3/2022,The Hunt,2020,https://boxd.it/iE9i,3.5
11/3/2022,The Good Dinosaur,2015,https://boxd.it/3AD4,2.5
11/3/2022,Blood Simple,1984,https://boxd.it/1U16,3.5
11/3/2022,Oblivion,2013,https://boxd.it/2Bzq,3
11/3/2022,Happy Gilmore,1996,https://boxd.it/1Yey,3
11/3/2022,Meet the Parents,2000,https://boxd.it/28vE,3.5
11/3/2022,Hot Rod,2007,https://boxd.it/1X9C,3
11/3/2022,Spy Kids,2001,https://boxd.it/1Xcw,3
11/3/2022,Extraction,2020,https://boxd.it/jUjA,3.5
11/3/2022,A Few Good Men,1992,https://boxd.it/29nw,4
11/3/2022,You're Next,2011,https://boxd.it/2WWK,3.5
11/3/2022,Good Boys,2019,https://boxd.it/iW1G,3
11/3/2022,National Lampoon's Christmas Vacation,1989,https://boxd.it/22wQ,3.5
11/3/2022,Tag,2018,https://boxd.it/gh7Y,3
11/3/2022,Kiss Kiss Bang Bang,2005,https://boxd.it/23c8,4
11/3/2022,The Lego Movie 2: The Second Part,2019,https://boxd.it/8BAU,3
11/3/2022,Love & Other Drugs,2010,https://boxd.it/UIi,3.5
11/3/2022,Tiger King,2020,https://boxd.it/pzj2,3
11/3/2022,The Fugitive,1993,https://boxd.it/230G,4
11/3/2022,Transformers: Revenge of the Fallen,2009,https://boxd.it/20gG,2
11/3/2022,Murder Mystery,2019,https://boxd.it/iEBm,2.5
11/3/2022,Butch Cassidy and the Sundance Kid,1969,https://boxd.it/29Vy,4
11/3/2022,Night at the Museum: Battle of the Smithsonian,2009,https://boxd.it/1H7U,3
11/3/2022,The Last Samurai,2003,https://boxd.it/29ZA,3.5
11/3/2022,Meet the Robinsons,2007,https://boxd.it/28Ym,3.5
11/3/2022,Fantastic Four: Rise of the Silver Surfer,2007,https://boxd.it/27Ii,2
11/3/2022,The Karate Kid,2010,https://boxd.it/15HA,2.5
11/3/2022,Dial M for Murder,1954,https://boxd.it/2adW,4
11/3/2022,Rio,2011,https://boxd.it/NKc,2.5
11/3/2022,Funny Games,2007,https://boxd.it/207a,3
11/3/2022,Gifted,2017,https://boxd.it/e5dG,3.5
11/3/2022,The Haunting of Bly Manor,2020,https://boxd.it/rUdS,3.5
11/3/2022,Transformers: Dark of the Moon,2011,https://boxd.it/16aC,2.5
11/3/2022,The Tomorrow War,2021,https://boxd.it/lE78,3
11/3/2022,Scooby-Doo 2: Monsters Unleashed,2004,https://boxd.it/1UPA,2
11/3/2022,Green Lantern,2011,https://boxd.it/QN4,1.5
11/3/2022,Wedding Crashers,2005,https://boxd.it/1Yte,3.5
11/3/2022,Ice Age: Dawn of the Dinosaurs,2009,https://boxd.it/20iC,3
11/3/2022,Midnight Mass,2021,https://boxd.it/wvVA,3.5
11/3/2022,The Gift,2015,https://boxd.it/aJMy,3.5
11/3/2022,Rise of the Guardians,2012,https://boxd.it/2PXw,2.5
11/3/2022,The Lorax,2012,https://boxd.it/2w9M,3
11/3/2022,Holes,2003,https://boxd.it/20mE,3.5
11/3/2022,The Princess Diaries 2: Royal Engagement,2004,https://boxd.it/1UyY,3
11/3/2022,Over the Hedge,2006,https://boxd.it/20QY,3
11/3/2022,The Little Things,2021,https://boxd.it/mdxU,2.5
11/3/2022,High School Musical 3: Senior Year,2008,https://boxd.it/1SR0,2.5
11/3/2022,Kung Fu Panda 3,2016,https://boxd.it/4uRQ,3
11/3/2022,My Cousin Vinny,1992,https://boxd.it/1WpO,4.5
11/3/2022,On the Waterfront,1954,https://boxd.it/29TC,4
11/3/2022,Revolutionary Road,2008,https://boxd.it/24Le,4
11/3/2022,Bao,2018,https://boxd.it/iEl4,3.5
11/3/2022,The Crow,1994,https://boxd.it/1Yxq,3.5
11/3/2022,Tremors,1990,https://boxd.it/1YSe,3.5
11/3/2022,Strangers on a Train,1951,https://boxd.it/29tk,4
11/3/2022,Big Little Lies,2017,https://boxd.it/fYde,4
11/3/2022,"Planes, Trains and Automobiles",1987,https://boxd.it/26zE,4
11/3/2022,A Knight's Tale,2001,https://boxd.it/1YAk,3.5
11/3/2022,Dirty Harry,1971,https://boxd.it/299E,3.5
11/3/2022,Monsters vs Aliens,2009,https://boxd.it/1M50,3
11/3/2022,The Vast of Night,2019,https://boxd.it/kJyc,3.5
11/3/2022,The Accountant,2016,https://boxd.it/9EhI,3.5
11/3/2022,Can You Ever Forgive Me?,2018,https://boxd.it/e7x4,3
11/3/2022,Madagascar 3: Europe's Most Wanted,2012,https://boxd.it/2NF6,2.5
11/3/2022,Sky High,2005,https://boxd.it/1TNI,3.5
11/3/2022,Flushed Away,2006,https://boxd.it/1Tpm,2.5
11/3/2022,Apocalypto,2006,https://boxd.it/28yy,4.5
11/3/2022,Garden State,2004,https://boxd.it/2asW,4.5
11/3/2022,Black Mirror: San Junipero,2016,https://boxd.it/k4aS,4.5
11/4/2022,Overlord,2018,https://boxd.it/fAwm,3
11/4/2022,Men in Black: International,2019,https://boxd.it/hdJw,1.5
11/4/2022,The Maltese Falcon,1941,https://boxd.it/29c4,3.5
11/4/2022,Just Go with It,2011,https://boxd.it/Doq,3
11/4/2022,Wallace & Gromit: The Curse of the Were-Rabbit,2005,https://boxd.it/2ac0,3.5
11/4/2022,Tinker Tailor Soldier Spy,2011,https://boxd.it/FRY,3
11/4/2022,The Croods,2013,https://boxd.it/FRE,2.5
11/4/2022,As Good as It Gets,1997,https://boxd.it/268y,3.5
11/4/2022,Bad Boys,1995,https://boxd.it/1XVG,3
11/4/2022,Despicable Me 3,2017,https://boxd.it/azpu,2.5
11/4/2022,Fences,2016,https://boxd.it/dL6A,3.5
11/7/2022,The Bad Guys,2022,https://boxd.it/nkg4,3.5
11/9/2022,Primal Fear,1996,https://boxd.it/28ws,4
11/10/2022,Don't Worry Darling,2022,https://boxd.it/mViu,3
11/10/2022,How the Grinch Stole Christmas,2000,https://boxd.it/1ZHQ,2.5
11/10/2022,The Cat in the Hat,2003,https://boxd.it/1VSU,0.5
11/10/2022,Fantastic Four,2015,https://boxd.it/5a9c,1.5
11/10/2022,The Lost City of Z,2016,https://boxd.it/a7jS,3
11/10/2022,Zathura: A Space Adventure,2005,https://boxd.it/21mq,3.5
11/10/2022,Pixels,2015,https://boxd.it/7BaA,1.5
11/10/2022,Little Women,1994,https://boxd.it/1YiU,4
11/10/2022,End of Watch,2012,https://boxd.it/2F5O,3.5
11/10/2022,The Sting,1973,https://boxd.it/1Z5s,4
11/10/2022,A Christmas Carol,2009,https://boxd.it/1HKW,3
11/10/2022,The Great Escape,1963,https://boxd.it/22kA,4
11/10/2022,Remember the Titans,2000,https://boxd.it/1VLk,3.5
11/10/2022,Three Identical Strangers,2018,https://boxd.it/hDNO,4
11/10/2022,What If,2013,https://boxd.it/6ljk,4
11/10/2022,Demon Slayer -Kimetsu no Yaiba- The Movie: Mugen Train,2020,https://boxd.it/nyLU,4
11/10/2022,Cool Hand Luke,1967,https://boxd.it/29jY,4.5
11/10/2022,Hero,2002,https://boxd.it/2bcq,3.5
11/10/2022,Ice Age: Continental Drift,2012,https://boxd.it/lQ2,2.5
11/10/2022,Man on Fire,2004,https://boxd.it/1Yvk,3
11/10/2022,The Sea Beast,2022,https://boxd.it/kv3a,3.5
11/10/2022,Friday,1995,https://boxd.it/1VLO,3.5
11/10/2022,Risky Business,1983,https://boxd.it/1YUE,3.5
11/10/2022,Identity,2003,https://boxd.it/26e2,3.5
11/24/2022,Where the Crawdads Sing,2022,https://boxd.it/psLS,3.5
11/30/2022,Glengarry Glen Ross,1992,https://boxd.it/1Yw8,4.5
12/8/2022,Do Revenge,2022,https://boxd.it/sFiA,2.5
12/8/2022,Bullet Train,2022,https://boxd.it/qW26,4
12/11/2022,The Addams Family,1991,https://boxd.it/267g,3.5
12/11/2022,The Butterfly Effect,2004,https://boxd.it/27M0,3.5
12/17/2022,Mulholland Drive,2001,https://boxd.it/297o,3
12/17/2022,Addams Family Values,1993,https://boxd.it/26mq,4
12/17/2022,Layer Cake,2004,https://boxd.it/23LC,4
12/20/2022,The World's End,2013,https://boxd.it/3EiO,3.5
12/28/2022,Glass Onion,2022,https://boxd.it/oCkK,4
1/5/2023,Side Effects,2013,https://boxd.it/3GA6,3.5
1/5/2023,Free Guy,2021,https://boxd.it/k8dm,3.5
1/5/2023,The Banshees of Inisherin,2022,https://boxd.it/p7XS,4.5
1/9/2023,The Sword in the Stone,1963,https://boxd.it/1ZdG,2.5
1/11/2023,50/50,2011,https://boxd.it/10Tw,4.5
1/14/2023,The Black Phone,2021,https://boxd.it/sqFE,3
1/14/2023,The Black Cauldron,1985,https://boxd.it/1UYW,2.5
1/15/2023,Avatar,2009,https://boxd.it/1Efm,4
2/26/2023,Lucky Number Slevin,2006,https://boxd.it/2aVu,4
2/26/2023,Love and Monsters,2020,https://boxd.it/lJ6E,3.5
3/4/2023,Violent Night,2022,https://boxd.it/xXBA,3
3/4/2023,The Raid 2,2014,https://boxd.it/5uz0,4.5
3/9/2023,Cloverfield,2008,https://boxd.it/2192,3.5
3/9/2023,This Is Where I Leave You,2014,https://boxd.it/73kQ,3
3/11/2023,Triangle of Sadness,2022,https://boxd.it/hXlq,4
3/11/2023,Puss in Boots: The Last Wish,2022,https://boxd.it/aaie,4.5
3/12/2023,Secret Window,2004,https://boxd.it/28xq,3
3/12/2023,Smile,2022,https://boxd.it/xjfE,2.5
3/13/2023,A Man Called Otto,2022,https://boxd.it/zl06,4
3/21/2023,Upgrade,2018,https://boxd.it/i4gW,3.5
4/10/2023,John Wick: Chapter 4,2023,https://boxd.it/mh48,4.5
4/10/2023,Coherence,2013,https://boxd.it/6xza,4
4/10/2023,Knock at the Cabin,2023,https://boxd.it/npL2,2.5
4/10/2023,The Village,2004,https://boxd.it/21iS,3.5
4/10/2023,"I Love You, Man",2009,https://boxd.it/1JZu,3.5
4/10/2023,The Super Mario Bros. Movie,2023,https://boxd.it/i8C8,3.5
4/10/2023,American Gangster,2007,https://boxd.it/23wi,4
5/7/2023,Guardians of the Galaxy Vol. 3,2023,https://boxd.it/fVNI,4.5
5/7/2023,Face/Off,1997,https://boxd.it/29I0,3.5
5/7/2023,Neighbors,2014,https://boxd.it/5Txe,3
5/7/2023,The Negotiator,1998,https://boxd.it/1YbO,3
5/9/2023,Black Panther: Wakanda Forever,2022,https://boxd.it/igPu,3.5
5/12/2023,American Hustle,2013,https://boxd.it/5dz8,3
5/25/2023,Avatar: The Way of Water,2022,https://boxd.it/2E2E,4
5/26/2023,Star Wars: Episode II â€“Â Attack of the Clones,2002,https://boxd.it/27V2,3
5/31/2023,Shazam!,2019,https://boxd.it/8WBu,3
5/31/2023,Black Adam,2022,https://boxd.it/fup0,2.5
5/31/2023,Shazam! Fury of the Gods,2023,https://boxd.it/lV0S,2.5
5/31/2023,Super 8,2011,https://boxd.it/dVI,3
5/31/2023,Four Weddings and a Funeral,1994,https://boxd.it/29KA,3.5
6/2/2023,I Don't Feel at Home in This World Anymore,2017,https://boxd.it/f42u,3
6/2/2023,The Thing,2011,https://boxd.it/eS6,3
6/3/2023,Three Thousand Years of Longing,2022,https://boxd.it/kmoy,3.5
6/3/2023,Bottle Rocket,1996,https://boxd.it/1PDa,3.5
6/4/2023,Diary of a Wimpy Kid,2010,https://boxd.it/1fUa,3.5
6/4/2023,Diary of a Wimpy Kid: Rodrick Rules,2011,https://boxd.it/gm2,4
6/4/2023,Diary of a Wimpy Kid: Dog Days,2012,https://boxd.it/2TG0,3.5
6/4/2023,Wrath of Man,2021,https://boxd.it/nEia,3
6/4/2023,Transformers: Age of Extinction,2014,https://boxd.it/3d1m,2
6/4/2023,My Big Fat Greek Wedding,2002,https://boxd.it/20k4,3.5
6/4/2023,Blade II,2002,https://boxd.it/1agO,3.5
6/4/2023,Horton Hears a Who!,2008,https://boxd.it/1SfA,3
6/4/2023,Gone Baby Gone,2007,https://boxd.it/23R6,3.5
6/4/2023,Real Steel,2011,https://boxd.it/147m,3.5
6/4/2023,National Treasure: Book of Secrets,2007,https://boxd.it/21rq,3.5
6/4/2023,Night at the Museum: Secret of the Tomb,2014,https://boxd.it/5x3m,3
6/4/2023,The Book of Eli,2010,https://boxd.it/1Dnu,3.5
6/4/2023,Sicario: Day of the Soldado,2018,https://boxd.it/e4fG,3
6/4/2023,Hotel Rwanda,2004,https://boxd.it/2aSA,4
6/4/2023,21,2008,https://boxd.it/20BO,3
6/4/2023,Paul Blart: Mall Cop,2009,https://boxd.it/1NQw,3
6/4/2023,Michael Clayton,2007,https://boxd.it/2466,3.5
6/4/2023,The Girl Next Door,2004,https://boxd.it/1VSq,3
6/4/2023,Phone Booth,2002,https://boxd.it/285G,3
6/4/2023,Percy Jackson: Sea of Monsters,2013,https://boxd.it/2D8m,2.5
6/4/2023,Salt,2010,https://boxd.it/1rtK,3
6/4/2023,John Carter,2012,https://boxd.it/FQ2,3.5
6/4/2023,DÃ©jÃ  Vu,2006,https://boxd.it/20PQ,3.5
6/4/2023,The Shining,1980,https://boxd.it/29Nu,4.5
6/5/2023,Spider-Man: Across the Spider-Verse,2023,https://boxd.it/kSz4,5
6/5/2023,Popstar: Never Stop Never Stopping,2016,https://boxd.it/blDa,4
6/6/2023,BEEF,2023,https://boxd.it/FPsm,4.5
6/6/2023,Nope,2022,https://boxd.it/sDCe,4
6/6/2023,Minions: The Rise of Gru,2022,https://boxd.it/fz9w,3
6/6/2023,Spider-Man: No Way Home,2021,https://boxd.it/nwRw,4.5
6/6/2023,Joker,2019,https://boxd.it/h4cS,4
6/6/2023,Ocean's Eight,2018,https://boxd.it/eaai,3
6/6/2023,Set It Up,2018,https://boxd.it/dpik,3.5
6/6/2023,The Man from U.N.C.L.E.,2015,https://boxd.it/67lG,3.5
6/6/2023,Jack Reacher,2012,https://boxd.it/2BUo,3
6/6/2023,Oz the Great and Powerful,2013,https://boxd.it/2cAI,2.5
6/6/2023,Cloudy with a Chance of Meatballs 2,2013,https://boxd.it/3GMw,3
6/6/2023,42,2013,https://boxd.it/3GBo,3.5
6/6/2023,The Internship,2013,https://boxd.it/3SWS,3
6/6/2023,Missing,2023,https://boxd.it/sS1W,3.5
6/6/2023,The Guardians of the Galaxy Holiday Special,2022,https://boxd.it/t77K,3.5
6/6/2023,Godzilla vs. Kong,2021,https://boxd.it/e0qK,3
6/6/2023,Hell or High Water,2016,https://boxd.it/bfGM,4
6/6/2023,Ant-Man and the Wasp,2018,https://boxd.it/cqUW,2.5
6/6/2023,Sorry to Bother You,2018,https://boxd.it/f21E,4
6/6/2023,Hotel Transylvania,2012,https://boxd.it/2DF6,3
6/6/2023,Ted,2012,https://boxd.it/2pgc,3
6/6/2023,Life of Pi,2012,https://boxd.it/37pC,4
6/6/2023,Penguins of Madagascar,2014,https://boxd.it/89tc,3
6/6/2023,Teenage Mutant Ninja Turtles,2014,https://boxd.it/3oAs,2
6/6/2023,Horrible Bosses 2,2014,https://boxd.it/6HWy,3
6/6/2023,Non-Stop,2014,https://boxd.it/6FtO,3
6/7/2023,The Northman,2022,https://boxd.it/nK2s,4
6/7/2023,Air,2023,https://boxd.it/Arlc,4
6/7/2023,The King,2019,https://boxd.it/ieZs,3.5
6/8/2023,Love Hard,2021,https://boxd.it/rxXS,3
6/8/2023,Ron's Gone Wrong,2021,https://boxd.it/hlj2,3
6/8/2023,Journey 2: The Mysterious Island,2012,https://boxd.it/2o8m,2.5
6/8/2023,Taken 2,2012,https://boxd.it/2TWi,2.5
6/8/2023,Pig,2021,https://boxd.it/nzoW,4
6/8/2023,Snowden,2016,https://boxd.it/9CWO,3
6/8/2023,The SpongeBob SquarePants Movie,2004,https://boxd.it/1SYq,3
6/8/2023,The Bourne Supremacy,2004,https://boxd.it/26EE,4
6/8/2023,Wind River,2017,https://boxd.it/dR3i,4
6/9/2023,Prey,2022,https://boxd.it/sNBU,4
6/9/2023,Paul Blart: Mall Cop 2,2015,https://boxd.it/7Acq,1.5
6/9/2023,Hotel Transylvania 2,2015,https://boxd.it/4ZLk,3
6/9/2023,Green Room,2015,https://boxd.it/a75m,4
6/9/2023,The Witch,2015,https://boxd.it/9X0m,4
6/9/2023,Bedtime Stories,2008,https://boxd.it/1WPM,2.5
6/10/2023,Casablanca,1942,https://boxd.it/2aG0,4.5
6/10/2023,Dungeons & Dragons: Honor Among Thieves,2023,https://boxd.it/hN1A,3.5
6/11/2023,Scream,1996,https://boxd.it/24EC,4.5
6/11/2023,The Host,2006,https://boxd.it/28ZY,3.5
6/11/2023,Bodies Bodies Bodies,2022,https://boxd.it/iRcE,3.5
6/11/2023,X,2022,https://boxd.it/sxVa,3.5
6/12/2023,Everything Everywhere All at Once,2022,https://boxd.it/jUk4,4.5
6/12/2023,Scream 2,1997,https://boxd.it/24Es,3.5
6/12/2023,Scream 3,2000,https://boxd.it/24Ei,2.5
6/12/2023,Puss in Boots,2011,https://boxd.it/eL34,3
6/12/2023,City of God,2002,https://boxd.it/2a2a,5
6/14/2023,Bill & Ted Face the Music,2020,https://boxd.it/i7BI,3
6/14/2023,Home,2015,https://boxd.it/6JxA,2.5
6/14/2023,Eddie the Eagle,2015,https://boxd.it/amAY,3.5
6/14/2023,Insurgent,2015,https://boxd.it/7NNa,2
6/14/2023,Allegiant,2016,https://boxd.it/7NNE,2
6/14/2023,10 Cloverfield Lane,2016,https://boxd.it/aZiu,4
6/14/2023,"Alexander and the Terrible, Horrible, No Good, Very Bad Day",2014,https://boxd.it/6uQM,3
6/15/2023,The Secret in Their Eyes,2009,https://boxd.it/1vWw,4.5
6/15/2023,Kung Fu Panda,2008,https://boxd.it/1Yws,4.5
6/17/2023,Donnie Darko,2001,https://boxd.it/2b2A,5
6/18/2023,Extraction 2,2023,https://boxd.it/q4Zo,3.5
6/18/2023,Moonlight,2016,https://boxd.it/d6bE,4.5
6/19/2023,Trolls,2016,https://boxd.it/4p8Q,2
6/19/2023,Warcraft,2016,https://boxd.it/2czK,2.5
6/19/2023,The Angry Birds Movie,2016,https://boxd.it/4PBu,2.5
6/19/2023,Ice Age: Collision Course,2016,https://boxd.it/8upq,2
6/19/2023,Ferdinand,2017,https://boxd.it/cC7i,2.5
6/19/2023,Going in Style,2017,https://boxd.it/bSKS,3
6/19/2023,Shot Caller,2017,https://boxd.it/bihA,3.5
6/19/2023,Captain Underpants: The First Epic Movie,2017,https://boxd.it/8312,3
6/19/2023,The Nut Job,2014,https://boxd.it/6IWa,2
6/19/2023,The Grinch,2018,https://boxd.it/chpK,2.5
6/19/2023,Peter Rabbit,2018,https://boxd.it/di8W,3
6/19/2023,Day Shift,2022,https://boxd.it/sn8W,2.5
6/19/2023,Alvin and the Chipmunks,2007,https://boxd.it/21E0,2.5
6/19/2023,Alvin and the Chipmunks: The Squeakquel,2009,https://boxd.it/1zgk,2
6/19/2023,Alvin and the Chipmunks: Chipwrecked,2011,https://boxd.it/s9E,1
6/19/2023,Alvin and the Chipmunks: The Road Chip,2015,https://boxd.it/7DWQ,1.5
6/19/2023,Jennifer's Body,2009,https://boxd.it/1Efw,3
6/19/2023,Turbo,2013,https://boxd.it/2Hzw,2
6/19/2023,The Lone Ranger,2013,https://boxd.it/ngU,3
6/19/2023,2 Guns,2013,https://boxd.it/4oAk,3
6/19/2023,Safe Haven,2013,https://boxd.it/3My6,3
6/19/2023,Free Birds,2013,https://boxd.it/5oi8,2
6/19/2023,Radio Rebel,2012,https://boxd.it/39mq,1.5
6/19/2023,Here Comes the Boom,2012,https://boxd.it/37pM,3
6/19/2023,Man on a Ledge,2012,https://boxd.it/FQm,2
6/20/2023,Cruella,2021,https://boxd.it/bbKg,3.5
6/20/2023,Creed II,2018,https://boxd.it/hgl8,4
6/21/2023,Creed III,2023,https://boxd.it/pf68,3.5
6/22/2023,The Worst Person in the World,2021,https://boxd.it/oyws,4.5
6/22/2023,His House,2020,https://boxd.it/l8Qq,3.5
6/22/2023,The Boss Baby,2017,https://boxd.it/9mfO,2.5
6/22/2023,Call Me by Your Name,2017,https://boxd.it/dYmm,4.5
6/24/2023,RRR,2022,https://boxd.it/ljDs,4.5
6/24/2023,Kung Fu Panda 2,2011,https://boxd.it/G36,3.5
6/25/2023,Fear Street: 1994,2021,https://boxd.it/lLBk,2.5
6/26/2023,Fear Street: 1978,2021,https://boxd.it/lLBu,3
6/27/2023,The Wailing,2016,https://boxd.it/9fLy,4.5
6/27/2023,The Trial of the Chicago 7,2020,https://boxd.it/kn3w,4
6/27/2023,Fall,2022,https://boxd.it/Bf6G,3
6/27/2023,RED,2010,https://boxd.it/13uu,3
6/27/2023,Devil,2010,https://boxd.it/SX6,3
6/27/2023,Date Night,2010,https://boxd.it/2l5a,3
6/27/2023,Camp Rock 2: The Final Jam,2010,https://boxd.it/Sru,2
6/27/2023,She's Out of My League,2010,https://boxd.it/1eww,3
6/27/2023,The Losers,2010,https://boxd.it/1ddo,3
6/27/2023,Ramona and Beezus,2010,https://boxd.it/153q,3
6/27/2023,Everything Must Go,2010,https://boxd.it/P0U,3
6/27/2023,Yogi Bear,2010,https://boxd.it/Zcc,1.5
6/27/2023,Marmaduke,2010,https://boxd.it/15GW,1.5
6/27/2023,Temple Grandin,2010,https://boxd.it/1fbu,4
6/27/2023,I Saw the Devil,2010,https://boxd.it/FaK,4
6/28/2023,Before the Devil Knows You're Dead,2007,https://boxd.it/20Jy,3.5
6/28/2023,War Horse,2011,https://boxd.it/nf8,3.5
6/28/2023,The Smurfs,2011,https://boxd.it/Zcm,2
6/28/2023,Cowboys & Aliens,2011,https://boxd.it/F2G,2.5
6/28/2023,We Bought a Zoo,2011,https://boxd.it/2AU8,3
6/28/2023,Gnomeo & Juliet,2011,https://boxd.it/OKi,2.5
6/28/2023,Jack and Jill,2011,https://boxd.it/2pQu,1
6/28/2023,Mr. Popper's Penguins,2011,https://boxd.it/kRS,3
6/28/2023,The Muppets,2011,https://boxd.it/1zg,3
6/28/2023,Zookeeper,2011,https://boxd.it/16gq,2
6/28/2023,Daddy's Home,2015,https://boxd.it/8jSc,2.5
6/28/2023,Ant-Man,2015,https://boxd.it/3vmW,3.5
6/28/2023,Avengers: Age of Ultron,2015,https://boxd.it/3qi6,3
6/29/2023,Burning,2018,https://boxd.it/hHUa,3
6/29/2023,The Shallows,2016,https://boxd.it/aXgQ,3.5
6/29/2023,"The Chronicles of Narnia: The Lion, the Witch and the Wardrobe",2005,https://boxd.it/2ark,4
6/29/2023,The Chronicles of Narnia: Prince Caspian,2008,https://boxd.it/26Hy,3.5
6/29/2023,The Chronicles of Narnia: The Voyage of the Dawn Treader,2010,https://boxd.it/1WZs,3
6/29/2023,13 Assassins,2010,https://boxd.it/jqc,4
6/29/2023,Rye Lane,2023,https://boxd.it/DIyy,4
6/30/2023,Thor,2011,https://boxd.it/1WQU,3
6/30/2023,3 Idiots,2009,https://boxd.it/1Dsa,4
6/30/2023,Hachi: A Dog's Tale,2009,https://boxd.it/1q4a,4
7/1/2023,Sleepless in Seattle,1993,https://boxd.it/29re,4
7/1/2023,The Sandlot,1993,https://boxd.it/1TDy,4
7/1/2023,The Firm,1993,https://boxd.it/18JY,3
7/1/2023,Father of the Bride,1991,https://boxd.it/1SWY,3.5
7/1/2023,Home Alone 3,1997,https://boxd.it/1XZ4,2.5
7/1/2023,Inspector Gadget,1999,https://boxd.it/2azy,2
7/1/2023,Inspector Gadget 2,2003,https://boxd.it/1Eyy,2
7/1/2023,Hollow Man,2000,https://boxd.it/1YP0,2.5
7/1/2023,The Tigger Movie,2000,https://boxd.it/1LO4,3
7/1/2023,The Transporter,2002,https://boxd.it/24Nu,3.5
7/1/2023,Bad Boys II,2003,https://boxd.it/1ZuW,3
7/1/2023,Cheaper by the Dozen,2003,https://boxd.it/1USa,3.5
7/1/2023,Spy Kids 3-D: Game Over,2003,https://boxd.it/1S7w,2.5
7/1/2023,The Italian Job,2003,https://boxd.it/1Y86,3
7/1/2023,Old School,2003,https://boxd.it/1TmM,3
7/1/2023,Daddy Day Care,2003,https://boxd.it/1VAw,3
7/1/2023,The Lion King 1Â½,2004,https://boxd.it/1TRg,3.5
7/1/2023,The Adventures of Sharkboy and Lavagirl,2005,https://boxd.it/1Ozm,2.5
7/1/2023,Hoodwinked!,2005,https://boxd.it/1UVS,3
7/1/2023,The Pacifier,2005,https://boxd.it/1Xhm,2
7/1/2023,Nacho Libre,2006,https://boxd.it/1YTG,3.5
7/1/2023,The Bucket List,2007,https://boxd.it/20Ye,3
7/1/2023,The Game Plan,2007,https://boxd.it/1PDY,2.5
7/1/2023,Death at a Funeral,2007,https://boxd.it/27dO,4.5
7/2/2023,Camp Rock,2008,https://boxd.it/1PHw,2
7/2/2023,Star Wars: The Clone Wars,2008,https://boxd.it/1Sly,3.5
7/2/2023,Nick and Norah's Infinite Playlist,2008,https://boxd.it/1Slo,3
7/2/2023,The Spiderwick Chronicles,2008,https://boxd.it/20v2,3
7/2/2023,Journey to the Center of the Earth,2008,https://boxd.it/38EI,2.5
7/2/2023,"Definitely, Maybe",2008,https://boxd.it/20eU,3.5
7/3/2023,Clueless,1995,https://boxd.it/1Ygk,3.5
7/3/2023,Possessor,2020,https://boxd.it/fsJW,3
7/3/2023,I Care a Lot,2020,https://boxd.it/mcHk,2.5
7/3/2023,Strange World,2022,https://boxd.it/x6Li,2.5
7/3/2023,Evan Almighty,2007,https://boxd.it/26s4,2.5
7/3/2023,Eastern Promises,2007,https://boxd.it/275q,4.5
7/4/2023,G-Force,2009,https://boxd.it/1ETc,1.5
7/4/2023,Hannah Montana: The Movie,2009,https://boxd.it/1Hx4,2.5
7/4/2023,How to Lose a Guy in 10 Days,2003,https://boxd.it/1XwG,3.5
7/4/2023,Bruce Almighty,2003,https://boxd.it/2aCC,3
7/6/2023,Nimona,2023,https://boxd.it/Aiyc,4
7/6/2023,Scream VI,2023,https://boxd.it/zdfW,3
7/7/2023,Stardust,2007,https://boxd.it/272w,3.5
7/13/2023,Mission: Impossible â€“ Dead Reckoning,2023,https://boxd.it/l7zS,4
7/14/2023,The Adam Project,2022,https://boxd.it/q2Dg,3
7/15/2023,The Age of Adaline,2015,https://boxd.it/9ghu,3
7/16/2023,Ghost,1990,https://boxd.it/2aLE,3.5
7/17/2023,Die Hard With a Vengeance,1995,https://boxd.it/28zG,4
7/17/2023,The Meg,2018,https://boxd.it/bAL4,2.5
7/17/2023,"Yours, Mine & Ours",2005,https://boxd.it/1Q2E,3
7/17/2023,Cheaper by the Dozen 2,2005,https://boxd.it/1Yac,2.5
7/17/2023,Don't Breathe,2016,https://boxd.it/9yzw,3.5
7/17/2023,The Descent,2005,https://boxd.it/1YNy,4
7/18/2023,Curious George,2006,https://boxd.it/1Xos,3.5
7/18/2023,The Wild,2006,https://boxd.it/1Xz6,1.5
7/18/2023,The Santa Clause 3: The Escape Clause,2006,https://boxd.it/1Psw,2.5
7/18/2023,Charlotte's Web,2006,https://boxd.it/1Xn0,3
7/18/2023,Open Season,2006,https://boxd.it/20U2,3
7/18/2023,Secondhand Lions,2003,https://boxd.it/1QHC,3.5
7/19/2023,Annihilation,2018,https://boxd.it/9yzm,4
7/19/2023,Shooter,2007,https://boxd.it/20TS,3
7/20/2023,Glory,1989,https://boxd.it/1Y6u,4
7/21/2023,Unstoppable,2010,https://boxd.it/SVO,3
7/21/2023,Children of Men,2006,https://boxd.it/1Y2i,5
7/21/2023,Speed,1994,https://boxd.it/28qk,4
7/22/2023,Indiana Jones and the Last Crusade,1989,https://boxd.it/2baO,4.5
7/23/2023,Enter the Dragon,1973,https://boxd.it/1YCA,4
7/24/2023,They Cloned Tyrone,2023,https://boxd.it/rE7a,3.5
7/24/2023,Oppenheimer,2023,https://boxd.it/wUow,4.5
7/25/2023,Interview with the Vampire,1994,https://boxd.it/29XO,3.5
7/26/2023,Iron Man,2008,https://boxd.it/28dA,4
7/27/2023,The Dark Knight Rises,2012,https://boxd.it/H3m,4
7/27/2023,Pirates of the Caribbean: On Stranger Tides,2011,https://boxd.it/27Z4,2.5
7/27/2023,Horrible Bosses,2011,https://boxd.it/Ba2,3
7/27/2023,The Conjuring 2,2016,https://boxd.it/7GJg,3.5
7/28/2023,Lemonade Mouth,2011,https://boxd.it/4bG,3
7/28/2023,Elemental,2023,https://boxd.it/ASiE,3.5
7/29/2023,Rio 2,2014,https://boxd.it/5jfy,2
7/29/2023,Mr. Peabody & Sherman,2014,https://boxd.it/2TRM,3
7/29/2023,Iron Man 3,2013,https://boxd.it/2cBQ,3
7/29/2023,Marley & Me,2008,https://boxd.it/1Ola,3.5
7/29/2023,Legally Blonde,2001,https://boxd.it/1ZNa,4
7/30/2023,WarGames,1983,https://boxd.it/29qU,3.5
7/30/2023,Driving Miss Daisy,1989,https://boxd.it/2asC,3.5
7/30/2023,Titane,2021,https://boxd.it/nlQC,3.5
7/31/2023,Melancholia,2011,https://boxd.it/bPI,4
7/31/2023,Closer,2004,https://boxd.it/270K,2.5
7/31/2023,Master and Commander: The Far Side of the World,2003,https://boxd.it/200S,3.5
8/2/2023,Legend of the Guardians: The Owls of Ga'Hoole,2010,https://boxd.it/ZUy,2.5
8/4/2023,Richard Jewell,2019,https://boxd.it/99Mg,3.5
8/6/2023,Amadeus,1984,https://boxd.it/2aH8,4.5
8/6/2023,Witness for the Prosecution,1957,https://boxd.it/18H4,4
8/6/2023,The Kid,1921,https://boxd.it/1X5U,3.5
8/6/2023,Mr. Smith Goes to Washington,1939,https://boxd.it/25Ms,4
8/6/2023,For a Few Dollars More,1965,https://boxd.it/29eu,3.5
8/7/2023,Teenage Mutant Ninja Turtles: Mutant Mayhem,2023,https://boxd.it/mK0a,4
8/7/2023,Jupiter Ascending,2015,https://boxd.it/2Evm,2
8/8/2023,Escape Room,2019,https://boxd.it/iYlS,2.5
8/9/2023,The Autopsy of Jane Doe,2016,https://boxd.it/dUu2,3.5
8/9/2023,Bones and All,2022,https://boxd.it/tLd4,4
8/10/2023,Reality,2023,https://boxd.it/BeLI,3.5
8/10/2023,"Lyle, Lyle, Crocodile",2022,https://boxd.it/vkfm,2.5
8/11/2023,Yojimbo,1961,https://boxd.it/1SRY,4
8/11/2023,Fear Street: 1666,2021,https://boxd.it/lLBE,3
8/11/2023,Mississippi Burning,1988,https://boxd.it/28r8,3.5
8/11/2023,Annie,1982,https://boxd.it/1LCi,2.5
8/11/2023,Top Gun,1986,https://boxd.it/29JC,3
8/11/2023,The Harder They Fall,2021,https://boxd.it/mRCU,3
8/11/2023,Brick,2005,https://boxd.it/1Z6A,4.5
8/12/2023,The Hitchhiker's Guide to the Galaxy,2005,https://boxd.it/20VE,3
8/12/2023,Fast Five,2011,https://boxd.it/BgO,3.5
8/12/2023,2 Fast 2 Furious,2003,https://boxd.it/2a4g,2
8/12/2023,The Benchwarmers,2006,https://boxd.it/1Xr2,2
8/13/2023,Shiva Baby,2020,https://boxd.it/oIv0,4
8/15/2023,Pitch Perfect 2,2015,https://boxd.it/7tNa,2.5
8/17/2023,Pearl,2022,https://boxd.it/zPbe,4
8/17/2023,Big Hero 6,2014,https://boxd.it/5rje,3.5
8/17/2023,X-Men,2000,https://boxd.it/1a7s,3.5
8/17/2023,Rush Hour,1998,https://boxd.it/27pU,3.5
8/18/2023,22 Jump Street,2014,https://boxd.it/5Fvy,3.5
8/18/2023,Ghost in the Shell,1995,https://boxd.it/1YYc,4
8/19/2023,The Assassination of Jesse James by the Coward Robert Ford,2007,https://boxd.it/24dG,3.5
8/19/2023,The Sorcerer's Apprentice,2010,https://boxd.it/1sGg,3.5
8/19/2023,Scoob!,2020,https://boxd.it/dqh8,2
8/19/2023,Transformers: Rise of the Beasts,2023,https://boxd.it/oQTa,2.5
8/20/2023,TÃR,2022,https://boxd.it/uNIA,4
8/21/2023,Cocaine Bear,2023,https://boxd.it/ugw2,3
8/22/2023,James and the Giant Peach,1996,https://boxd.it/1W0O,2.5
8/23/2023,Constantine,2005,https://boxd.it/2a7E,3
8/23/2023,Aftersun,2022,https://boxd.it/Arw0,4.5
8/24/2023,Crimson Peak,2015,https://boxd.it/62Ty,3.5
8/26/2023,Uncharted,2022,https://boxd.it/b5Dy,2.5
8/26/2023,The Gray Man,2022,https://boxd.it/rb7q,2
8/28/2023,Orphan,2009,https://boxd.it/1CgM,3.5
8/29/2023,Ant-Man and the Wasp: Quantumania,2023,https://boxd.it/nL2y,2
9/24/2023,No One Will Save You,2023,https://boxd.it/uUO6,3.5
9/25/2023,Theater Camp,2023,https://boxd.it/Bfbm,3.5
10/7/2023,Stoker,2013,https://boxd.it/34S2,3
10/7/2023,The Monkey King,2023,https://boxd.it/vowm,2
10/11/2023,The Empty Man,2020,https://boxd.it/iIWS,3.5
10/13/2023,Totally Killer,2023,https://boxd.it/AOpG,3
10/15/2023,The Strangers,2008,https://boxd.it/1VGY,3.5
10/17/2023,The Ritual,2017,https://boxd.it/fo0I,3.5
10/21/2023,The Nightmare Before Christmas,1993,https://boxd.it/1YzQ,3.5
11/2/2023,No Hard Feelings,2023,https://boxd.it/xouu,3.5
11/20/2023,Five Nights at Freddy's,2023,https://boxd.it/ikHu,2.5
11/25/2023,The Marvels,2023,https://boxd.it/mwU4,3.5
12/5/2023,Unhinged,2020,https://boxd.it/najM,2.5
12/13/2023,Leave the World Behind,2023,https://boxd.it/re0i,3.5
12/13/2023,May December,2023,https://boxd.it/vEE2,4
12/16/2023,The Peanuts Movie,2015,https://boxd.it/6Jci,3
12/16/2023,Krampus,2015,https://boxd.it/8Wy6,3
12/16/2023,Cars,2006,https://boxd.it/29ho,4
12/23/2023,Godzilla Minus One,2023,https://boxd.it/zu4c,4.5
12/23/2023,Indiana Jones and the Dial of Destiny,2023,https://boxd.it/b8vM,3
12/30/2023,Your Name.,2016,https://boxd.it/cUqs,4.5
12/31/2023,The Hunger Games: The Ballad of Songbirds & Snakes,2023,https://boxd.it/pZCY,4
12/31/2023,Pete's Dragon,2016,https://boxd.it/9hza,2.5
1/1/2024,Saltburn,2023,https://boxd.it/z4eg,3.5
1/1/2024,Epic,2013,https://boxd.it/3SNm,2
1/1/2024,The Smurfs 2,2013,https://boxd.it/2HvO,1
1/8/2024,The Killing of a Sacred Deer,2017,https://boxd.it/dZ5G,3.5
1/16/2024,Mamma Mia!,2008,https://boxd.it/1Tnq,4
1/16/2024,Notting Hill,1999,https://boxd.it/2aeK,4
1/17/2024,Jujutsu Kaisen 0,2021,https://boxd.it/uvFS,4
1/17/2024,Home Sweet Home Alone,2021,https://boxd.it/om1C,1.5
1/18/2024,The Menu,2022,https://boxd.it/lScm,3.5
1/18/2024,The Killer,2023,https://boxd.it/u6WE,3.5
1/19/2024,The Pale Blue Eye,2022,https://boxd.it/u8tk,2.5
1/20/2024,Renfield,2023,https://boxd.it/o8vy,3
1/23/2024,Freaky,2020,https://boxd.it/ka42,2.5
1/23/2024,The Equalizer,2014,https://boxd.it/4TUK,3.5
1/23/2024,White House Down,2013,https://boxd.it/3TOg,2.5
1/23/2024,Grown Ups 2,2013,https://boxd.it/3GAq,2
1/24/2024,The Equalizer 2,2018,https://boxd.it/bAEW,3
1/24/2024,The Equalizer 3,2023,https://boxd.it/yU54,3
1/26/2024,Con Air,1997,https://boxd.it/28gO,4
1/28/2024,Paddington,2014,https://boxd.it/3RKw,4
1/31/2024,The Holdovers,2023,https://boxd.it/vHza,4
2/4/2024,Silent Hill,2006,https://boxd.it/2a3C,2.5
2/4/2024,Plus One,2019,https://boxd.it/inpo,4
2/4/2024,Spies in Disguise,2019,https://boxd.it/fjf4,2.5
2/8/2024,Reptile,2023,https://boxd.it/wKjc,3
2/12/2024,School of Rock,2003,https://boxd.it/28xK,4
2/12/2024,Dumb Money,2023,https://boxd.it/tNdU,3.5
2/16/2024,The Handmaiden,2016,https://boxd.it/948A,4
2/16/2024,One Flew Over the Cuckoo's Nest,1975,https://boxd.it/2aeA,5
2/17/2024,Gran Turismo,2023,https://boxd.it/B2lS,3.5
2/17/2024,The Creator,2023,https://boxd.it/oXWq,3.5
2/18/2024,Family Switch,2023,https://boxd.it/u1nu,2
2/18/2024,L.A. Confidential,1997,https://boxd.it/27oC,4.5
3/1/2024,Dune: Part Two,2024,https://boxd.it/pUfA,4.5
3/6/2024,Waves,2019,https://boxd.it/jpmy,4.5
3/8/2024,Blade Runner 2049,2017,https://boxd.it/b8wK,4.5
3/8/2024,Race to Witch Mountain,2009,https://boxd.it/1PiQ,2.5
3/14/2024,Barbie,2023,https://boxd.it/bCLK,4
3/19/2024,Happy Death Day,2017,https://boxd.it/fDz4,3.5
3/19/2024,Justice League,2017,https://boxd.it/4w68,2
3/21/2024,The Mummy,1999,https://boxd.it/2a7a,3
3/26/2024,DC League of Super-Pets,2022,https://boxd.it/jFTI,2.5
3/26/2024,The Perks of Being a Wallflower,2012,https://boxd.it/2ZA8,4.5
3/26/2024,The Prestige,2006,https://boxd.it/293w,4.5
3/26/2024,Avengers: Endgame,2019,https://boxd.it/9vE4,4.5
3/26/2024,Anatomy of a Fall,2023,https://boxd.it/yuDE,4
3/26/2024,The Pope's Exorcist,2023,https://boxd.it/stZ8,2.5
3/30/2024,The Usual Suspects,1995,https://boxd.it/29XE,4.5
4/1/2024,Venom,2018,https://boxd.it/b8wA,2.5
4/1/2024,Marcel the Shell with Shoes On,2021,https://boxd.it/wMAk,4.5
4/2/2024,Castle in the Sky,1986,https://boxd.it/1W4G,4
4/2/2024,Dream Scenario,2023,https://boxd.it/v2h0,4
4/4/2024,Howl's Moving Castle,2004,https://boxd.it/23De,4.5
4/12/2024,Kiki's Delivery Service,1989,https://boxd.it/1JAY,4
4/13/2024,Runaway Jury,2003,https://boxd.it/1U7o,3.5
4/16/2024,Bottoms,2023,https://boxd.it/uGf2,3.5
4/19/2024,Inside Man,2006,https://boxd.it/2auS,4
4/27/2024,"Crazy, Stupid, Love.",2011,https://boxd.it/D9A,4
5/4/2024,Migration,2023,https://boxd.it/ztfo,3
5/6/2024,Mr. & Mrs. Smith,2005,https://boxd.it/29CG,3.5
5/6/2024,Star Wars: Episode I â€“ The Phantom Menace,1999,https://boxd.it/27Vc,3.5
5/6/2024,Star Wars: Episode III â€“Â Revenge of the Sith,2005,https://boxd.it/27US,4.5
5/9/2024,Jurassic World,2015,https://boxd.it/4n0g,3.5
5/9/2024,Haunted Mansion,2023,https://boxd.it/mOsi,2
5/9/2024,Jurassic World: Fallen Kingdom,2018,https://boxd.it/bOnU,2.5
5/9/2024,The Visit,2015,https://boxd.it/9ssO,4
5/12/2024,Dawn of the Planet of the Apes,2014,https://boxd.it/3XyQ,4
5/12/2024,Me and Earl and the Dying Girl,2015,https://boxd.it/9SAE,4.5
5/14/2024,Run,2020,https://boxd.it/jVM4,3.5
5/15/2024,American Fiction,2023,https://boxd.it/DYHm,3.5
5/15/2024,Thanksgiving,2023,https://boxd.it/EviY,2.5
5/16/2024,Red Eye,2005,https://boxd.it/1TNy,2.5
5/16/2024,Sideways,2004,https://boxd.it/1Y5c,4
5/17/2024,War for the Planet of the Apes,2017,https://boxd.it/8FE2,4
5/18/2024,The Descendants,2011,https://boxd.it/4Ba,4
5/18/2024,Kingdom of the Planet of the Apes,2024,https://boxd.it/ohEE,3.5
5/18/2024,Mr. Harrigan's Phone,2022,https://boxd.it/r6VK,2
5/19/2024,Rope,1948,https://boxd.it/28yo,4.5
5/21/2024,Anatomy of a Murder,1959,https://boxd.it/2baa,3.5
5/21/2024,A Haunting in Venice,2023,https://boxd.it/zGdg,2.5
5/22/2024,The Night of the Hunter,1955,https://boxd.it/25HW,3
5/23/2024,Hellboy,2004,https://boxd.it/28HK,3.5
5/24/2024,Mother of the Bride,2024,https://boxd.it/Fmay,1
5/27/2024,Hellboy II: The Golden Army,2008,https://boxd.it/1Ug6,3.5
5/29/2024,"I, Tonya",2017,https://boxd.it/dzR0,4
5/31/2024,The Holiday,2006,https://boxd.it/28ye,3
6/3/2024,BlackBerry,2023,https://boxd.it/CoVK,4
6/4/2024,Fright Night,1985,https://boxd.it/1T4e,3.5
6/4/2024,Evil Dead Rise,2023,https://boxd.it/qIvo,3
6/4/2024,The First Omen,2024,https://boxd.it/fx08,3.5
6/5/2024,Everybody Wants Some!!,2016,https://boxd.it/9mgM,4
6/5/2024,Then Came You,2018,https://boxd.it/d3F2,3
6/6/2024,Incendies,2010,https://boxd.it/Msm,4.5
6/7/2024,The Iron Claw,2023,https://boxd.it/w5Pm,4.5
6/8/2024,Hit Man,2023,https://boxd.it/ANB2,4
6/10/2024,All of Us Strangers,2023,https://boxd.it/Bz3C,4
6/11/2024,Scream,2022,https://boxd.it/o0lg,3
6/11/2024,Scream 4,2011,https://boxd.it/Zmc,3.5
6/11/2024,Blow Out,1981,https://boxd.it/1TlE,3.5
6/14/2024,Black Swan,2010,https://boxd.it/Sw0,4.5
6/14/2024,Knight and Day,2010,https://boxd.it/17po,2.5
6/14/2024,Percy Jackson & the Olympians: The Lightning Thief,2010,https://boxd.it/1gJi,3
6/16/2024,Captain Fantastic,2016,https://boxd.it/b2K2,4
6/17/2024,True Lies,1994,https://boxd.it/19pq,2.5
6/18/2024,Grease,1978,https://boxd.it/29YW,3
6/20/2024,Anyone But You,2023,https://boxd.it/EzA8,3.5
6/21/2024,The Unbearable Weight of Massive Talent,2022,https://boxd.it/o6eK,3.5
6/22/2024,Killer Klowns from Outer Space,1988,https://boxd.it/1Kpi,3.5
6/29/2024,Spy,2015,https://boxd.it/71Ks,3
6/29/2024,Fracture,2007,https://boxd.it/220K,3.5
6/29/2024,A Perfect Murder,1998,https://boxd.it/27Ke,3
6/29/2024,Role Models,2008,https://boxd.it/1MmK,3
6/30/2024,Inside Out 2,2024,https://boxd.it/CFrC,4.5
7/2/2024,Despicable Me 2,2013,https://boxd.it/3gg0,3.5
7/2/2024,The Next Three Days,2010,https://boxd.it/UdE,2.5
7/5/2024,The Commuter,2018,https://boxd.it/dZ36,3
7/5/2024,The Purge,2013,https://boxd.it/4Xg0,2
7/5/2024,The Beekeeper,2024,https://boxd.it/wJzS,3
7/5/2024,Kung Fu Panda 4,2024,https://boxd.it/CepE,2.5
7/8/2024,Despicable Me 4,2024,https://boxd.it/iOLG,3
7/8/2024,Alien: Covenant,2017,https://boxd.it/49UY,3
7/10/2024,Scarface,1983,https://boxd.it/2b7g,4.5
7/11/2024,Tooth Fairy,2010,https://boxd.it/1zKE,2
7/16/2024,The Rock,1996,https://boxd.it/1XM0,4
7/22/2024,Jungle,2017,https://boxd.it/dCpo,3
7/26/2024,Love Lies Bleeding,2024,https://boxd.it/zN4q,3.5
8/3/2024,Twister,1996,https://boxd.it/29S0,4
8/3/2024,Wicked Little Letters,2023,https://boxd.it/AQXU,3.5
8/3/2024,Orion and the Dark,2024,https://boxd.it/H2TW,3
8/3/2024,Dark Waters,2019,https://boxd.it/kaYu,4
8/3/2024,Monkey Man,2024,https://boxd.it/kvsO,3
8/7/2024,Society of the Snow,2023,https://boxd.it/y9aw,4.5
8/7/2024,A Simple Favor,2018,https://boxd.it/hq92,3.5
8/11/2024,Deadpool & Wolverine,2024,https://boxd.it/jq8s,4
8/15/2024,Passengers,2016,https://boxd.it/8lFu,2
9/4/2024,The Watchers,2024,https://boxd.it/F6Rw,2.5
9/10/2024,The Lodge,2019,https://boxd.it/h2c2,3
9/14/2024,Watcher,2022,https://boxd.it/uocO,3.5
9/14/2024,Rebel Ridge,2024,https://boxd.it/nZum,4
9/14/2024,Thelma,2024,https://boxd.it/DOou,4.5
9/19/2024,Happy Death Day 2U,2019,https://boxd.it/ixt6,2.5
9/21/2024,Lilo & Stitch,2002,https://boxd.it/1TAY,4.5
9/28/2024,The Wild Robot,2024,https://boxd.it/IWFy,4.5
10/6/2024,Bad Times at the El Royale,2018,https://boxd.it/fSA2,3.5
10/20/2024,MaXXXine,2024,https://boxd.it/CIM4,2.5
10/20/2024,Twisters,2024,https://boxd.it/qV7a,3.5
11/1/2024,Monster House,2006,https://boxd.it/1Z2e,3
11/3/2024,Late Night with the Devil,2023,https://boxd.it/zo6G,3.5
11/3/2024,Â¡Three Amigos!,1986,https://boxd.it/20f4,3
11/3/2024,Challengers,2024,https://boxd.it/zld0,4
11/4/2024,The Godfather,1972,https://boxd.it/2aNK,4.5
11/4/2024,The Godfather Part II,1974,https://boxd.it/2aNq,4.5
11/9/2024,Airplane!,1980,https://boxd.it/29yu,3.5
11/14/2024,Caddo Lake,2024,https://boxd.it/wDSu,3.5
11/14/2024,The Fall Guy,2024,https://boxd.it/s0Bm,3.5
11/24/2024,Harry Potter and the Half-Blood Prince,2009,https://boxd.it/29FU,4
12/2/2024,Alien: Romulus,2024,https://boxd.it/zGqO,4
12/3/2024,The Outfit,2022,https://boxd.it/u6Eq,3.5
12/4/2024,Furiosa: A Mad Max Saga,2024,https://boxd.it/tABk,4
12/8/2024,Speak No Evil,2024,https://boxd.it/G9f8,3.5
12/9/2024,Love Actually,2003,https://boxd.it/2aeU,3.5
12/14/2024,Klaus,2019,https://boxd.it/ipoi,4.5
12/17/2024,Goosebumps,2015,https://boxd.it/7Bp6,3
12/23/2024,Red One,2024,https://boxd.it/vTBM,2
12/25/2024,Sonic the Hedgehog,2020,https://boxd.it/gdK8,3
12/25/2024,Tommy Boy,1995,https://boxd.it/1TZ0,3.5
12/28/2024,Trap,2024,https://boxd.it/D4nK,3
1/7/2025,10 Things I Hate About You,1999,https://boxd.it/23AO,4.5
1/9/2025,Carry-On,2024,https://boxd.it/C0B2,3
1/10/2025,Spy Kids 2: The Island of Lost Dreams,2002,https://boxd.it/1Yyo,3
1/16/2025,Blended,2014,https://boxd.it/6QQY,3
1/16/2025,The Book of Life,2014,https://boxd.it/6JKY,2.5
1/16/2025,Glass,2019,https://boxd.it/g3uO,2.5
1/17/2025,Old,2021,https://boxd.it/npKI,2.5
1/17/2025,Knowing,2009,https://boxd.it/1Pmy,2
1/17/2025,Juror #2,2024,https://boxd.it/FRwU,4
1/17/2025,Red Notice,2021,https://boxd.it/ixtq,2
1/17/2025,X-Men: Apocalypse,2016,https://boxd.it/7eJi,2
1/17/2025,Central Intelligence,2016,https://boxd.it/9DFE,2.5
1/17/2025,The Lion King,2019,https://boxd.it/eSjI,2.5
1/17/2025,21 Bridges,2019,https://boxd.it/juea,2.5
1/17/2025,Under the Silver Lake,2018,https://boxd.it/dSAs,3.5
1/17/2025,The Greatest Showman,2017,https://boxd.it/acjI,2.5
1/17/2025,Pirates of the Caribbean: Dead Men Tell No Tales,2017,https://boxd.it/5a9m,2.5
1/21/2025,The Master,2012,https://boxd.it/2cBG,4
1/25/2025,Civil War,2024,https://boxd.it/z1jW,4
1/26/2025,Dave,1993,https://boxd.it/1Txq,3.5
1/30/2025,Blink Twice,2024,https://boxd.it/vIOg,3
2/5/2025,Killers of the Flower Moon,2023,https://boxd.it/gHp0,4
2/6/2025,Wolfs,2024,https://boxd.it/x6zG,3
2/7/2025,Lars and the Real Girl,2007,https://boxd.it/21tG,4.5
2/9/2025,The Florida Project,2017,https://boxd.it/dMG0,4
2/10/2025,It's What's Inside,2024,https://boxd.it/DOV4,3.5
2/14/2025,My Old Ass,2024,https://boxd.it/zLP0,3
2/14/2025,Final Destination,2000,https://boxd.it/1YrC,3
2/14/2025,Final Destination 2,2003,https://boxd.it/1YSS,2.5
2/14/2025,Final Destination 3,2006,https://boxd.it/1Z40,3.5
2/14/2025,Surf's Up,2007,https://boxd.it/1YKY,3.5
2/15/2025,M3GAN,2022,https://boxd.it/jxmG,2.5
2/16/2025,Wonka,2023,https://boxd.it/tCQm,2.5
2/17/2025,Longlegs,2024,https://boxd.it/KzLM,3.5
2/20/2025,The Gorge,2025,https://boxd.it/zRqK,3
2/23/2025,Nosferatu,2024,https://boxd.it/f5eG,4.5
2/25/2025,Marrowbone,2017,https://boxd.it/dZVC,4
2/26/2025,Captain America: Brave New World,2025,https://boxd.it/uYDm,2.5
3/9/2025,Heretic,2024,https://boxd.it/H1lY,4
3/10/2025,Smile 2,2024,https://boxd.it/FDA4,3.5
3/11/2025,Heist,2001,https://boxd.it/1UFA,3
3/11/2025,Bonnie and Clyde,1967,https://boxd.it/2ajg,4.5
3/12/2025,Meet the Fockers,2004,https://boxd.it/29NE,3
3/15/2025,House at the End of the Street,2012,https://boxd.it/2Tog,1.5
3/19/2025,Poor Things,2023,https://boxd.it/tNWU,4
3/19/2025,Anora,2024,https://boxd.it/Egcw,4
3/20/2025,Moana 2,2024,https://boxd.it/LcjW,2.5
3/20/2025,Abigail,2024,https://boxd.it/G0NA,2.5
4/1/2025,Sonic the Hedgehog 2,2022,https://boxd.it/pb8O,3
4/6/2025,A Minecraft Movie,2025,https://boxd.it/zRro,2.5
4/8/2025,The Game,1997,https://boxd.it/26vC,3.5
4/8/2025,Talk to Me,2022,https://boxd.it/C6uQ,3.5
4/10/2025,A Real Pain,2024,https://boxd.it/CjNG,4
4/17/2025,The Hitman's Bodyguard,2017,https://boxd.it/dCmO,3
4/25/2025,Pride & Prejudice,2005,https://boxd.it/24u8,4.5
5/2/2025,Spider-Man: Far From Home,2019,https://boxd.it/fegG,3.5
5/4/2025,Thunderbolts*,2025,https://boxd.it/BfbQ,4
5/6/2025,Black Bag,2025,https://boxd.it/KRbM,4
5/18/2025,Heart Eyes,2025,https://boxd.it/NHOK,3
5/26/2025,Mission: Impossible â€“ The Final Reckoning,2025,https://boxd.it/l7A2,4
5/26/2025,Companion,2025,https://boxd.it/F04o,3.5
5/29/2025,50 First Dates,2004,https://boxd.it/285c,3.5
6/2/2025,Chronicle,2012,https://boxd.it/2Emk,4
6/9/2025,Predator: Killer of Killers,2025,https://boxd.it/QYvQ,4
6/12/2025,Ballerina,2025,https://boxd.it/jKqG,4
6/16/2025,The AccountantÂ²,2025,https://boxd.it/wOm0,3
6/16/2025,Total Recall,1990,https://boxd.it/29qK,3.5
6/17/2025,Decision to Leave,2022,https://boxd.it/qp9e,4
6/24/2025,The Intern,2015,https://boxd.it/7AOE,3.5
6/27/2025,Fallen,1998,https://boxd.it/2wsE,3
7/1/2025,Elio,2025,https://boxd.it/CFr8,4
7/2/2025,Cuckoo,2024,https://boxd.it/wMjI,3
7/9/2025,Return to Me,2000,https://boxd.it/26y2,3.5
7/9/2025,My Big Fat Greek Wedding 2,2016,https://boxd.it/9DE2,3
7/9/2025,Sunshine,2007,https://boxd.it/28Xy,4
7/9/2025,The Bourne Ultimatum,2007,https://boxd.it/26Eu,4
7/10/2025,Good Will Hunting,1997,https://boxd.it/2ahY,5
7/12/2025,Rounders,1998,https://boxd.it/1WMS,3
7/12/2025,Harry Potter and the Goblet of Fire,2005,https://boxd.it/29Qo,4
7/13/2025,Sinners,2025,https://boxd.it/KQMM,4.5
7/13/2025,Drop,2025,https://boxd.it/LyPq,2.5
7/15/2025,War of the Worlds,2005,https://boxd.it/2bde,3.5
7/16/2025,The Talented Mr. Ripley,1999,https://boxd.it/2924,4
7/18/2025,A Simple Plan,1998,https://boxd.it/1WMo,4
7/18/2025,Sherlock Holmes,2009,https://boxd.it/1W2A,3.5
7/18/2025,The Blind Side,2009,https://boxd.it/1zWg,2.5
7/18/2025,Dope,2015,https://boxd.it/9Tho,3.5
7/23/2025,Kimi,2022,https://boxd.it/u7LW,3.5
7/24/2025,The Amateur,2025,https://boxd.it/F9NW,2.5
